User_ID,Cust_name,Product_ID,Gender,Age Group,Age,Marital_Status,State,Zone,Occupation,Product_Category,Orders,Amount,Status,unnamed1
1002903,Sanskriti,P00125942,F,26-35,28,0,Maharashtra,Western,Healthcare,Auto,1,23952.0,,
1000732,Kartik,P00110942,F,26-35,35,1,Andhra Pradesh,Southern,Govt,Auto,3,23934.0,,
1001990,Bindu,P00118542,F,26-35,35,1,Uttar Pradesh,Central,Automobile,Auto,3,23924.0,,
1001425,Sudevi,P00237842,M,0-17,16,0,Karnataka,Southern,Construction,Auto,2,23912.0,,
1000588,Joni,P00057942,M,26-35,28,1,Gujarat,Western,Food Processing,Auto,2,23877.0,,
1000588,Joni,P00057942,M,26-35,28,1,Himachal Pradesh,Northern,Food Processing,Auto,1,23877.0,,
1001132,Balk,P00018042,F,18-25,25,1,Uttar Pradesh,Central,Lawyer,Auto,4,23841.0,,
1002092,Shivangi,P00273442,F,55+,61,0,Maharashtra,Western,IT Sector,Auto,1,,,
1003224,Kushal,P00205642,M,26-35,35,0,Uttar Pradesh,Central,Govt,Auto,2,23809.0,,
1003650,Ginny,P00031142,F,26-35,26,1,Andhra Pradesh,Southern,Media,Auto,4,23799.99,,
1003829,Harshita,P00200842,M,26-35,34,0,Delhi,Central,Banking,Auto,1,23770.0,,
1000214,Kargatis,P00119142,F,18-25,20,0,Andhra Pradesh,Southern,Retail,Auto,2,23752.0,,
1004035,Elijah,P00080342,F,18-25,20,1,Andhra Pradesh,Southern,IT Sector,Auto,2,23730.0,,
1001680,Vasudev,P00324942,M,26-35,26,1,Andhra Pradesh,Southern,Automobile,Auto,4,23718.0,,
1003858,Cano,P00293742,M,46-50,46,1,Madhya Pradesh,Central,Hospitality,Auto,3,,,
1000813,Lauren,P00289942,F,18-25,24,0,Andhra Pradesh,Southern,Govt,Auto,2,23664.0,,
1005447,Amy,P00275642,F,46-50,48,1,Andhra Pradesh,Southern,IT Sector,Auto,3,,,
1001193,Mick,P00004842,F,26-35,29,0,Andhra Pradesh,Southern,Aviation,Auto,1,23619.0,,
1001883,Praneet,P00029842,M,51-55,54,1,Uttar Pradesh,Central,Hospitality,Auto,1,23568.0,,
1001883,Praneet,P00029842,M,51-55,54,1,Uttar Pradesh,Central,Hospitality,Auto,1,23568.0,,
1000113,Ellis,P00180642,F,18-25,19,1,Andhra Pradesh,Southern,Govt,Auto,4,23546.0,,
1000416,Hrisheekesh,P00181842,F,46-50,46,1,Uttar Pradesh,Central,Banking,Auto,2,23525.0,,
1005256,Grant,P00101742,F,26-35,30,0,Andhra Pradesh,Southern,IT Sector,Auto,1,23518.0,,
1001505,Gilcrest,P00271842,F,51-55,53,0,Uttar Pradesh,Central,Automobile,Auto,2,23515.0,,
1000900,Skaria,P00317842,M,55+,83,0,Karnataka,Southern,Automobile,Auto,3,23513.0,,
1005908,Eric,P00282642,F,26-35,33,0,Andhra Pradesh,Southern,IT Sector,Auto,3,23462.0,,
1001101,Gibson,P00234742,F,36-45,40,0,Uttar Pradesh,Central,Banking,Auto,3,23456.0,,
1004736,Mahima,P00058042,F,18-25,25,1,Andhra Pradesh,Southern,Banking,Auto,4,23451.0,,
1004037,Etezadi,P00190542,M,51-55,54,1,Andhra Pradesh,Southern,Govt,Hand & Power Tools,2,23434.0,,
1002340,James,P00119642,F,36-45,39,1,Andhra Pradesh,Southern,Aviation,Auto,3,23389.0,,
1005664,Dean,P00111642,F,18-25,20,0,Andhra Pradesh,Southern,Aviation,Auto,2,23365.0,,
1002523,Aman,P00293342,F,26-35,32,1,Andhra Pradesh,Southern,Food Processing,Auto,3,23326.0,,
1002503,Mousam,P00220042,F,36-45,36,0,Andhra Pradesh,Southern,Automobile,Auto,2,23314.0,,
1002638,Damala,P00346242,F,26-35,35,1,Maharashtra,Western,Media,Auto,2,23306.0,,
1004505,Daniels,P00080042,F,51-55,55,1,Andhra Pradesh,Southern,Healthcare,Auto,4,23302.0,,
1004957,Inderpreet,P00111842,M,26-35,27,1,Jharkhand,Eastern,Govt,Auto,1,23285.0,,
1005649,Sweta,P00238542,M,18-25,20,1,Delhi,Central,Media,Auto,1,23281.0,,
1004508,Phonely,P00048742,F,26-35,32,0,Andhra Pradesh,Southern,Aviation,Auto,1,23270.0,,
1002520,Mike,P00310342,M,55+,72,1,Himachal Pradesh,Northern,Media,Auto,4,23267.0,,
1003111,Dean,P00249542,F,18-25,25,1,Andhra Pradesh,Southern,Banking,Auto,4,23252.0,,
1000687,Neola,P00156442,M,26-35,35,0,Kerala,Southern,Aviation,Auto,1,23247.0,,
1003267,Trupti,P00144242,M,26-35,30,1,Uttar Pradesh,Central,Banking,Hand & Power Tools,2,23246.0,,
1001182,Zypern,P00122442,M,0-17,16,0,Andhra Pradesh,Southern,Food Processing,Auto,4,23239.0,,
1005383,Ellison,P0096942,F,36-45,40,0,Andhra Pradesh,Southern,Aviation,Auto,2,23201.0,,
1004303,Jane,P00201442,F,26-35,35,1,Andhra Pradesh,Southern,Aviation,Auto,2,23185.0,,
1005493,Stewart,P00036242,M,36-45,45,1,Andhra Pradesh,Southern,Agriculture,Hand & Power Tools,3,23160.0,,
1000728,Breyer,P00113942,F,26-35,28,0,Andhra Pradesh,Southern,Banking,Auto,1,23154.0,,
1002966,Jesslyn,P00121642,M,26-35,32,1,Delhi,Central,Construction,Auto,3,23103.0,,
1001726,Abhijit,P00105042,F,26-35,32,0,Andhra Pradesh,Southern,Retail,Auto,4,23066.0,,
1001404,Vineet,P00141842,F,51-55,53,0,Andhra Pradesh,Southern,IT Sector,Auto,2,23053.0,,
1005267,Elizabeth,P00115342,F,36-45,43,1,Andhra Pradesh,Southern,IT Sector,Auto,3,23047.0,,
1003745,Shivani,P00220042,M,26-35,29,0,Haryana,Northern,IT Sector,Stationery,2,21563.0,,
1001884,Eugene,P00339042,F,46-50,47,0,Delhi,Central,Textile,Stationery,1,21547.0,,
1001804,Ishit,P00000642,F,26-35,35,0,Delhi,Central,Lawyer,Stationery,1,21533.0,,
1005359,Schwarz,P00302742,F,18-25,22,1,Delhi,Central,Media,Stationery,1,21503.0,,
1000151,Sujay,P00150342,M,26-35,34,1,Karnataka,Southern,IT Sector,Stationery,2,21495.0,,
1001389,Smriti,P00261542,F,26-35,33,1,Delhi,Central,Agriculture,Stationery,3,21463.0,,
1002665,Champaklata,P00261842,F,36-45,36,0,Delhi,Central,IT Sector,Stationery,4,21427.0,,
1002496,Patil,P00114042,F,51-55,52,0,Delhi,Central,IT Sector,Stationery,4,21423.0,,
1001442,Atharv,P00145042,M,18-25,18,1,Delhi,Central,Construction,Stationery,2,21401.0,,
1000379,Thais,P00121642,M,36-45,39,0,Maharashtra,Western,Healthcare,Stationery,3,21397.0,,
1003916,Surabhi,P00003242,M,26-35,34,1,Delhi,Central,Agriculture,Stationery,4,21388.0,,
1001687,Bruce,P00265242,F,26-35,33,0,Maharashtra,Western,Govt,Stationery,4,21325.0,,
1000423,Saurabh,P00046742,M,18-25,21,0,Delhi,Central,Automobile,Stationery,2,21320.0,,
1002395,Vaibhavi,P00220342,F,36-45,38,1,Delhi,Central,Aviation,Stationery,2,21317.0,,
1004728,Larry,P00037042,F,26-35,28,0,Delhi,Central,IT Sector,Stationery,4,21293.0,,
1005054,Parhena,P0096542,F,36-45,37,0,Delhi,Central,Hospitality,Stationery,1,21266.0,,
1004489,Pete,P00216742,M,18-25,20,0,Delhi,Central,Construction,Stationery,1,21259.0,,
1001865,Cyra,P00213742,M,18-25,23,1,Kerala,Southern,Media,Stationery,2,21246.0,,
1003022,Rozendal,P00130742,F,26-35,34,0,Delhi,Central,Banking,Stationery,4,21218.0,,
1001657,Jack,P00248442,M,46-50,49,0,Andhra Pradesh,Southern,Govt,Stationery,2,21178.0,,
1003751,Victor,P00129542,M,36-45,38,1,Karnataka,Southern,Media,Stationery,1,21178.0,,
1000179,Debra,P00261642,F,26-35,30,0,Delhi,Central,Aviation,Stationery,4,21152.0,,
1000438,Bhosale,P00182542,F,18-25,25,0,Madhya Pradesh,Central,IT Sector,Tupperware,2,21079.0,,
1003618,Keshav,P00248942,M,18-25,19,1,Maharashtra,Western,Media,Tupperware,1,21058.0,,
1003415,Arsheen,P00152742,M,36-45,42,0,Delhi,Central,Hospitality,Stationery,1,21039.0,,
1002485,Kaydos,P00302342,F,36-45,38,1,Gujarat,Western,Media,Tupperware,3,21013.0,,
1001495,Fjeld,P00064042,F,18-25,21,1,Delhi,Central,IT Sector,Stationery,4,21009.0,,
1004607,Turumella,P00173342,M,26-35,35,0,Delhi,Central,Govt,Stationery,4,20981.0,,
1005316,Vernon,P00278642,F,18-25,24,1,Kerala,Southern,Govt,Tupperware,4,20967.0,,
1000461,Connell,P00142942,M,51-55,52,1,Himachal Pradesh,Northern,Healthcare,Stationery,2,20965.0,,
1000154,Shami,P00306042,F,51-55,53,1,Karnataka,Southern,Textile,Footwear & Shoes,4,20965.0,,
1000749,Flanagan,P00114342,F,36-45,37,1,Uttar Pradesh,Central,Lawyer,Footwear & Shoes,2,20963.0,,
1006040,Pond,P00271242,F,26-35,28,1,Delhi,Central,IT Sector,Footwear & Shoes,1,20960.0,,
1001284,O'Brian,P00157142,M,46-50,50,0,Karnataka,Southern,Banking,Footwear & Shoes,3,20960.0,,
1004269,Namrata,P00345242,F,36-45,40,0,Delhi,Central,Lawyer,Footwear & Shoes,1,20959.0,,
1001496,Haushalter,P00067942,F,26-35,35,1,Madhya Pradesh,Central,Chemical,Footwear & Shoes,1,20955.0,,
1003007,Maurice,P00191942,F,36-45,45,0,Delhi,Central,Banking,Stationery,4,20951.5,,
1004715,Snel,P00217442,F,26-35,35,0,Delhi,Central,Food Processing,Footwear & Shoes,3,20950.0,,
1000306,Patrick,P00303242,F,18-25,18,0,Maharashtra,Western,Aviation,Tupperware,3,20949.0,,
1000855,Sung,P00240042,M,18-25,22,0,Delhi,Central,Automobile,Footwear & Shoes,3,20948.0,,
1001183,Mahima,P00084842,F,36-45,43,1,Delhi,Central,Aviation,Footwear & Shoes,4,20945.0,,
1005954,Charlotte,P00156242,F,46-50,48,1,Karnataka,Southern,Automobile,Footwear & Shoes,2,20944.0,,
1005627,Anubhaw,P00123142,M,26-35,28,0,Delhi,Central,IT Sector,Stationery,1,20943.0,,
1002165,Black,P00260442,F,26-35,31,1,Delhi,Central,IT Sector,Footwear & Shoes,1,20938.0,,
1004416,Airdo,P00213742,F,18-25,23,0,Uttar Pradesh,Central,Construction,Footwear & Shoes,2,20933.0,,
1000850,Bhawna,P00319942,F,36-45,44,0,Uttar Pradesh,Central,Lawyer,Footwear & Shoes,3,20932.0,,
1002888,Corey-Lock,P00255842,F,26-35,34,0,Andhra Pradesh,Southern,Automobile,Tupperware,2,20930.0,,
1001891,Akin,P00192542,F,46-50,46,0,Uttar Pradesh,Central,Chemical,Footwear & Shoes,1,20929.0,,
1001019,Neil,P00259142,F,36-45,43,1,Delhi,Central,Govt,Footwear & Shoes,2,20928.0,,
1002306,Lisha,P00084242,M,18-25,21,1,Jharkhand,Eastern,Textile,Footwear & Shoes,3,20925.0,,
1001179,Amlan,P00208742,M,51-55,54,0,Delhi,Central,IT Sector,Footwear & Shoes,3,20920.0,,
1004957,Inderpreet,P00163442,F,26-35,34,1,Delhi,Central,Healthcare,Footwear & Shoes,1,20914.0,,
1004079,Fisher,P00284742,F,36-45,44,1,Uttar Pradesh,Central,Agriculture,Footwear & Shoes,2,20914.0,,
1002124,Linda,P00369042,F,26-35,29,0,Karnataka,Southern,Retail,Footwear & Shoes,3,20912.0,,
1004335,Aryan,P00075542,F,36-45,38,0,Karnataka,Southern,Healthcare,Footwear & Shoes,4,20912.0,,
1000280,Kajal,P00216042,F,51-55,55,0,Delhi,Central,Hospitality,Footwear & Shoes,2,20908.0,,
1003311,Neola,P00142742,F,26-35,26,1,Karnataka,Southern,Hospitality,Footwear & Shoes,1,20908.0,,
1004161,Murray,P00345642,F,46-50,46,0,Karnataka,Southern,Retail,Footwear & Shoes,4,20906.0,,
1005265,Sakshi,P00296242,F,46-50,48,1,Delhi,Central,Banking,Footwear & Shoes,1,,,
1004285,Bhishm,P00315842,M,36-45,38,0,Uttar Pradesh,Central,Food Processing,Footwear & Shoes,3,20900.0,,
1005261,Apoorva,P00057942,F,36-45,41,1,Delhi,Central,IT Sector,Footwear & Shoes,2,,,
1000445,Sukruta,P00114042,F,46-50,47,0,Delhi,Central,Retail,Footwear & Shoes,1,20896.0,,
1003265,Arti,P00184942,F,26-35,35,0,Uttar Pradesh,Central,Food Processing,Stationery,1,20883.0,,
1003396,Akshay,P00178242,F,26-35,31,1,Delhi,Central,Textile,Footwear & Shoes,4,20875.0,,
1002380,Swati,P00124642,F,26-35,26,1,Delhi,Central,IT Sector,Footwear & Shoes,2,20874.0,,
1002059,Mathew,P00114142,F,36-45,41,0,Karnataka,Southern,IT Sector,Footwear & Shoes,1,20874.0,,
1001335,Kushal,P00108942,F,36-45,42,0,Delhi,Central,IT Sector,Footwear & Shoes,1,20873.0,,
1004838,Luxemburg,P00062842,F,46-50,49,0,Delhi,Central,Lawyer,Footwear & Shoes,3,20870.0,,
1001015,Bharat,P00289942,F,36-45,44,0,Delhi,Central,Chemical,Stationery,2,20867.0,,
1000549,Sharda,P00113542,F,26-35,31,0,Karnataka,Southern,IT Sector,Footwear & Shoes,2,20865.0,,
1001954,Steele,P00294542,M,26-35,31,1,Jharkhand,Eastern,IT Sector,Footwear & Shoes,3,20863.0,,
1001912,Hazel,P00087442,F,26-35,27,0,Bihar,Eastern,Automobile,Tupperware,3,20860.0,,
1003918,Shariari,P00334242,F,26-35,32,0,Karnataka,Southern,Retail,Footwear & Shoes,3,20855.0,,
1001896,Brittain,P00117142,M,55+,66,0,Uttar Pradesh,Central,Govt,Footwear & Shoes,2,20853.0,,
1002445,Shiva,P00184042,F,26-35,28,0,Delhi,Central,Aviation,Stationery,4,20852.0,,
1002279,Noah,P00368342,F,51-55,52,0,Karnataka,Southern,Aviation,Footwear & Shoes,4,20850.0,,
1002898,Kotsonis,P00309242,F,18-25,19,0,Madhya Pradesh,Central,Healthcare,Footwear & Shoes,4,20847.0,,
1004277,Sanjay,P00315442,F,36-45,45,1,Delhi,Central,Construction,Footwear & Shoes,2,20840.0,,
1003576,Alejandro,P00101342,M,51-55,53,1,Maharashtra,Western,Aviation,Footwear & Shoes,4,20837.0,,
1003724,Devendra,P00232442,F,36-45,36,0,Delhi,Central,Aviation,Footwear & Shoes,2,20833.0,,
1003384,Sujay,P00033742,F,36-45,41,1,Delhi,Central,Banking,Footwear & Shoes,4,20819.0,,
1003051,Moren,P00288342,F,18-25,22,0,Uttar Pradesh,Central,Govt,Tupperware,1,20816.0,,
1003311,Neola,P00228142,F,26-35,30,1,Karnataka,Southern,Hospitality,Footwear & Shoes,3,20815.0,,
1004782,Philippe,P00114942,M,46-50,46,1,Karnataka,Southern,Hospitality,Footwear & Shoes,1,20815.0,,
1003998,Patterson,P00232242,F,46-50,47,0,Delhi,Central,IT Sector,Footwear & Shoes,4,20812.0,,
1000284,George,P00034742,F,26-35,29,0,Karnataka,Southern,Healthcare,Footwear & Shoes,2,20807.0,,
1000509,Rohan,P00278042,F,26-35,28,0,Delhi,Central,Banking,Footwear & Shoes,2,20805.45,,
1000838,Divyeshkumar,P00363542,M,51-55,53,1,Gujarat,Western,Hospitality,Footwear & Shoes,4,20796.0,,
1000838,Divyeshkumar,P00363542,M,51-55,53,1,Rajasthan,Northern,Hospitality,Footwear & Shoes,2,20796.0,,
1002060,Lynn,P00351042,M,0-17,15,0,Bihar,Eastern,Healthcare,Footwear & Shoes,4,20788.0,,
1000850,Bhawna,P00324342,M,36-45,40,1,Karnataka,Southern,IT Sector,Footwear & Shoes,3,20783.0,,
1005522,Mitch,P00179742,F,26-35,35,1,Delhi,Central,Automobile,Footwear & Shoes,1,20770.0,,
1005153,Ivan,P00190242,F,26-35,33,1,Karnataka,Southern,IT Sector,Footwear & Shoes,4,20767.0,,
1002122,Avila,P00161442,F,36-45,40,0,Karnataka,Southern,Aviation,Footwear & Shoes,1,20767.0,,
1000984,Ben,P00248142,F,51-55,52,0,Madhya Pradesh,Central,IT Sector,Tupperware,2,20757.0,,
1005220,Amlan,P00209842,F,26-35,27,1,Delhi,Central,Aviation,Footwear & Shoes,2,20752.0,,
1001202,Diwakar,P00205442,F,36-45,45,0,Delhi,Central,IT Sector,Footwear & Shoes,2,20752.0,,
1006014,Sharelle,P00183142,F,46-50,48,0,Karnataka,Southern,Aviation,Footwear & Shoes,4,20751.0,,
1005111,Amisha,P00177842,F,36-45,38,0,Uttar Pradesh,Central,Media,Footwear & Shoes,4,20751.0,,
1004227,William,P00059242,F,26-35,33,1,Karnataka,Southern,IT Sector,Footwear & Shoes,3,20745.0,,
1001331,Foulston,P00248942,F,46-50,47,1,Uttar Pradesh,Central,Banking,Footwear & Shoes,4,20745.0,,
1004937,Ferrer,P00112842,F,36-45,40,1,Uttar Pradesh,Central,Media,Footwear & Shoes,2,20744.0,,
1005600,Muskan,P00085242,M,46-50,47,0,Haryana,Northern,Automobile,Tupperware,1,20739.0,,
1000791,Stuart,P00127842,M,36-45,44,1,Karnataka,Southern,IT Sector,Footwear & Shoes,2,20739.0,,
1003888,Beth,P00242742,F,46-50,46,0,Madhya Pradesh,Central,Aviation,Footwear & Shoes,2,20729.0,,
1006016,Sauptik,P00183742,F,46-50,50,0,Delhi,Central,Aviation,Footwear & Shoes,4,20714.0,,
1000604,Pistek,P00304642,F,46-50,49,0,Karnataka,Southern,Healthcare,Footwear & Shoes,4,20712.0,,
1000173,Muhammed,P00057642,F,26-35,29,1,Uttar Pradesh,Central,Banking,Tupperware,1,20707.0,,
1004284,Piyam,P00032042,F,51-55,53,0,Karnataka,Southern,Healthcare,Footwear & Shoes,1,20705.0,,
1002994,Hemant,P00000142,F,36-45,42,0,Madhya Pradesh,Central,IT Sector,Footwear & Shoes,2,20691.0,,
1004016,Dowd,P00123842,M,51-55,51,1,Uttar Pradesh,Central,Aviation,Furniture,3,20689.0,,
1005788,Bixby,P00130642,F,26-35,26,1,Karnataka,Southern,Banking,Footwear & Shoes,2,20688.0,,
1001184,Brandow,P00146342,M,26-35,30,0,Maharashtra,Western,Media,Footwear & Shoes,4,20678.0,,
1000053,Howell,P00120442,F,26-35,33,1,Karnataka,Southern,Aviation,Footwear & Shoes,4,20677.0,,
1002511,Ananya,P00148642,M,26-35,34,0,Kerala,Southern,Chemical,Furniture,1,20677.0,,
1004377,Sibella,P00298942,M,26-35,26,0,Karnataka,Southern,Retail,Footwear & Shoes,3,20676.0,,
1005481,Wale,P00277642,F,46-50,46,0,Maharashtra,Western,Govt,Furniture,1,20673.0,,
1003940,Kritika,P00159442,F,36-45,36,1,Karnataka,Southern,Automobile,Footwear & Shoes,1,20669.0,,
1000687,Neola,P00344542,M,26-35,26,0,Delhi,Central,Chemical,Tupperware,4,20668.0,,
1000889,Parth,P00021842,F,46-50,50,1,Delhi,Central,Lawyer,Footwear & Shoes,1,20668.0,,
1000167,Brooke,P00322142,M,26-35,32,0,Maharashtra,Western,Food Processing,Furniture,2,20666.0,,
1004972,Barcio,P00249542,F,36-45,38,0,Karnataka,Southern,Banking,Footwear & Shoes,3,20665.0,,
1003094,Pelletier,P00223642,F,36-45,41,1,Karnataka,Southern,Retail,Footwear & Shoes,1,20664.0,,
1000157,Michelle,P00117842,F,36-45,43,0,Karnataka,Southern,Automobile,Footwear & Shoes,3,20661.0,,
1001015,Bharat,P00109842,M,36-45,40,0,Delhi,Central,Food Processing,Footwear & Shoes,3,20660.0,,
1003468,Divyansh,P00059442,F,26-35,26,1,Delhi,Central,IT Sector,Footwear & Shoes,2,20659.0,,
1002251,Raglin,P00337442,F,36-45,36,1,Delhi,Central,Media,Footwear & Shoes,1,20659.0,,
1005014,Kajal,P00122442,F,46-50,50,0,Karnataka,Southern,IT Sector,Tupperware,1,20659.0,,
1003085,Natalie,P00267542,F,26-35,32,0,Delhi,Central,IT Sector,Footwear & Shoes,4,20657.0,,
1004112,Mrunal,P00190242,F,46-50,47,1,Delhi,Central,Hospitality,Footwear & Shoes,3,20654.0,,
1002592,Nikita,P00356842,F,51-55,51,0,Maharashtra,Western,Media,Tupperware,2,20644.0,,
1001298,Siddharth,P00349142,F,36-45,36,0,Uttar Pradesh,Central,Construction,Footwear & Shoes,1,20642.0,,
1002537,Cindy,P00359242,M,36-45,42,1,Uttar Pradesh,Central,IT Sector,Footwear & Shoes,4,20641.0,,
1005538,Kartik,P00269542,F,46-50,49,1,Karnataka,Southern,Banking,Footwear & Shoes,1,,,
1000971,Savi,P00016542,F,26-35,32,1,Uttar Pradesh,Central,Retail,Footwear & Shoes,1,20628.0,,
1001103,Yaanvi,P00334242,M,46-50,48,0,Delhi,Central,IT Sector,Tupperware,1,20627.0,,
1003081,Kalyani,P00218642,F,26-35,32,0,Uttarakhand,Central,Food Processing,Furniture,1,20623.0,,
1002164,McCrossin,P00110942,M,36-45,41,0,Himachal Pradesh,Northern,Banking,Furniture,4,20622.0,,
1003635,Calhoun,P00273042,F,51-55,54,0,Delhi,Central,Retail,Footwear & Shoes,4,20620.0,,
1001030,Selesnick,P00162442,F,26-35,33,0,Karnataka,Southern,Chemical,Footwear & Shoes,4,20619.0,,
1001029,Parakh,P00317842,F,26-35,30,0,Karnataka,Southern,Lawyer,Footwear & Shoes,3,20615.0,,
1003311,Neola,P00180442,F,26-35,29,0,Delhi,Central,IT Sector,Footwear & Shoes,3,20608.0,,
1003416,Vaibhavi,P00100642,F,26-35,27,1,Uttarakhand,Central,Media,Furniture,4,20608.0,,
1004573,Cari,P00071442,M,51-55,51,1,Haryana,Northern,Aviation,Furniture,4,20607.0,,
1004179,Sink,P00100842,M,36-45,43,1,Karnataka,Southern,Textile,Furniture,1,20607.0,,
1005661,Geld,P00148042,M,26-35,31,0,Maharashtra,Western,Healthcare,Tupperware,1,20606.0,,
1001736,Martinez,P00227942,M,55+,72,1,Uttar Pradesh,Central,Textile,Footwear & Shoes,2,20603.0,,
1003401,Ameesha,P00120342,F,36-45,39,0,Maharashtra,Western,IT Sector,Footwear & Shoes,2,20602.0,,
1001835,Jamie,P00180642,F,26-35,31,0,Karnataka,Southern,Aviation,Footwear & Shoes,4,20600.0,,
1002899,McCarthy,P00193642,M,36-45,42,1,Karnataka,Southern,Automobile,Footwear & Shoes,1,20600.0,,
1002860,Chad,P00033942,F,36-45,40,0,Delhi,Central,IT Sector,Footwear & Shoes,1,20598.0,,
1004362,Prichep,P00015742,F,26-35,26,1,Karnataka,Southern,Chemical,Footwear & Shoes,3,20598.0,,
1001147,Lanier,P00296642,F,26-35,27,0,Kerala,Southern,IT Sector,Tupperware,3,20598.0,,
1004953,Sukrith,P00015542,F,36-45,39,0,Kerala,Southern,Healthcare,Furniture,3,20595.99,,
1005884,Elliston,P00112542,F,18-25,25,1,Kerala,Southern,Banking,Furniture,2,20594.0,,
1002765,Bergman,P00127942,F,51-55,55,0,Madhya Pradesh,Central,Aviation,Footwear & Shoes,2,20589.0,,
1005140,Arthur,P00157642,F,26-35,29,0,Delhi,Central,Healthcare,Footwear & Shoes,1,20588.0,,
1004161,Murray,P00265242,F,46-50,50,1,Uttar Pradesh,Central,Banking,Furniture,1,20588.0,,
1003697,Toch,P00250342,F,26-35,30,0,Delhi,Central,Banking,Footwear & Shoes,4,20586.0,,
1002041,Dahlen,P00115142,M,26-35,31,1,Madhya Pradesh,Central,Banking,Furniture,3,20586.0,,
1003726,Randy,P00274042,F,26-35,34,1,Karnataka,Southern,Lawyer,Footwear & Shoes,2,20581.0,,
1001803,Pradeep,P00249642,F,26-35,33,1,Maharashtra,Western,Chemical,Footwear & Shoes,2,20579.0,,
1005814,Aayushi,P00113442,M,26-35,30,1,Karnataka,Southern,IT Sector,Furniture,4,20573.0,,
1004901,Aparajita,P00120242,F,26-35,29,0,Delhi,Central,Banking,Footwear & Shoes,4,20572.0,,
1003958,Arsheen,P0096942,F,46-50,49,0,Karnataka,Southern,Healthcare,Footwear & Shoes,3,20570.0,,
1003563,Becky,P00249842,F,26-35,34,0,Kerala,Southern,Healthcare,Furniture,4,20570.0,,
1002793,Aniket,P00207742,F,36-45,42,1,Maharashtra,Western,Govt,Tupperware,3,20569.0,,
1003283,Gute,P00233542,M,36-45,38,1,Delhi,Central,Textile,Footwear & Shoes,3,20566.0,,
1001941,Gopal,P00184942,M,36-45,26,1,Delhi,Central,Chemical,Footwear & Shoes,4,20559.0,,
1004279,Soumya,P00032142,F,26-35,28,1,Uttar Pradesh,Central,Banking,Furniture,1,20558.0,,
1001181,Cathy,P00278642,F,36-45,40,1,Delhi,Central,Media,Footwear & Shoes,1,20553.0,,
1003211,Jason,P00211242,M,51-55,54,0,Gujarat,Western,Construction,Furniture,4,20550.0,,
1000216,Gjertsen,P00323042,F,46-50,47,1,Delhi,Central,Aviation,Footwear & Shoes,2,20549.0,,
1003618,Keshav,P00233442,M,18-25,19,0,Bihar,Eastern,Aviation,Footwear & Shoes,2,20548.0,,
1004354,Zydlo,P00153142,F,36-45,41,0,Delhi,Central,Govt,Footwear & Shoes,3,20547.0,,
1000793,Staavos,P00068042,M,36-45,41,0,Karnataka,Southern,Healthcare,Furniture,1,20546.0,,
1003690,Fein,P0099242,F,18-25,24,0,Uttar Pradesh,Central,Healthcare,Footwear & Shoes,4,20544.0,,
1004122,Aastha,P00118142,F,18-25,23,0,Kerala,Southern,Hospitality,Furniture,1,20543.0,,
1003503,Lloyd,P00344842,F,18-25,25,0,Madhya Pradesh,Central,Govt,Furniture,3,20540.0,,
1002852,Harshita,P00123142,F,26-35,29,0,Delhi,Central,Media,Footwear & Shoes,2,20537.0,,
1001004,Kirkland,P00036342,M,26-35,34,0,Delhi,Central,Retail,Footwear & Shoes,1,20536.0,,
1000390,Trafton,P00319042,M,26-35,29,0,Haryana,Northern,Automobile,Footwear & Shoes,4,20536.0,,
1003099,Shahid,P00127542,F,26-35,26,0,Karnataka,Southern,Aviation,Footwear & Shoes,2,20536.0,,
1002201,Dodson,P00127642,F,55+,83,1,Madhya Pradesh,Central,Govt,Furniture,1,20533.0,,
1002271,Redmond,P00193542,F,51-55,55,0,Gujarat,Western,Aviation,Tupperware,1,20529.0,,
1004327,Payne,P00153842,F,36-45,37,1,Karnataka,Southern,IT Sector,Footwear & Shoes,4,20525.0,,
1001835,Jamie,P00304942,F,26-35,34,1,Delhi,Central,Chemical,Footwear & Shoes,4,20516.0,,
1003475,Cousins,P00227942,M,26-35,29,1,Andhra Pradesh,Southern,IT Sector,Footwear & Shoes,4,20515.0,,
1001613,Eva,P00173342,F,18-25,23,1,Uttar Pradesh,Central,Healthcare,Footwear & Shoes,1,20512.0,,
1005680,Mary,P00277642,F,51-55,51,1,Delhi,Central,Food Processing,Footwear & Shoes,1,20511.0,,
1004979,Kennedy,P00346042,F,36-45,39,1,Karnataka,Southern,Media,Footwear & Shoes,1,20509.0,,
1004819,Swetha,P00269642,F,36-45,41,1,Delhi,Central,Automobile,Footwear & Shoes,1,20508.0,,
1003580,Maxwell,P00018042,M,18-25,20,1,Telangana,Southern,Healthcare,Footwear & Shoes,1,20508.0,,
1001861,Eno,P00295842,F,51-55,52,0,Uttar Pradesh,Central,Aviation,Footwear & Shoes,2,20508.0,,
1001618,Eugene,P00109742,M,51-55,53,0,Andhra Pradesh,Southern,Food Processing,Footwear & Shoes,4,20505.0,,
1002330,Sumeet,P00129842,F,46-50,48,0,Delhi,Central,Aviation,Footwear & Shoes,4,20503.0,,
1004013,Michelle,P00182242,F,26-35,31,1,Karnataka,Southern,Chemical,Footwear & Shoes,2,20502.0,,
1005178,Edelman,P00346142,F,51-55,55,0,Karnataka,Southern,Healthcare,Footwear & Shoes,3,20502.0,,
1001162,Rose,P00057742,M,36-45,40,1,Karnataka,Southern,Banking,Footwear & Shoes,4,20501.0,,
1004680,Ballard,P00215542,F,36-45,45,0,Delhi,Central,Textile,Footwear & Shoes,1,20500.0,,
1005108,Erica,P00158742,M,26-35,26,0,Himachal Pradesh,Northern,Aviation,Furniture,4,20495.0,,
1005446,Sheetal,P00059442,M,51-55,52,0,Karnataka,Southern,Chemical,Furniture,1,20494.0,,
1002181,Sweta,P00363342,F,26-35,27,1,Karnataka,Southern,Banking,Footwear & Shoes,1,20493.0,,
1004485,Jim,P00339842,F,26-35,35,0,Kerala,Southern,Media,Furniture,2,20492.0,,
1006040,Pond,P00111142,F,26-35,27,0,Karnataka,Southern,Food Processing,Footwear & Shoes,2,20488.0,,
1003272,Pinky,P00324642,M,36-45,42,1,Delhi,Central,IT Sector,Footwear & Shoes,2,20486.0,,
1001757,Eleni,P0095542,F,26-35,28,1,Karnataka,Southern,Textile,Footwear & Shoes,1,20486.0,,
1001969,Klamczynski,P00160042,M,26-35,28,0,Delhi,Central,Chemical,Footwear & Shoes,1,20484.0,,
1003694,Bellavance,P00115942,F,26-35,35,0,Madhya Pradesh,Central,IT Sector,Footwear & Shoes,4,20483.0,,
1004436,Talbott,P0096542,F,26-35,28,0,Kerala,Southern,Retail,Tupperware,2,20477.0,,
1001260,Dheeraj,P00274042,F,26-35,35,1,Madhya Pradesh,Central,Aviation,Footwear & Shoes,3,20477.0,,
1004064,Skach,P0097142,F,46-50,48,0,Delhi,Central,Banking,Footwear & Shoes,2,20476.0,,
1004829,Gary,P00146042,F,26-35,28,0,Karnataka,Southern,IT Sector,Footwear & Shoes,3,20471.0,,
1000549,Sharda,P00147042,F,26-35,26,0,Kerala,Southern,Banking,Furniture,1,20469.0,,
1003245,Zeldin,P00351242,F,18-25,21,0,Uttarakhand,Central,Govt,Furniture,1,20468.0,,
1005137,Murdock,P00187342,F,18-25,19,1,Haryana,Northern,Automobile,Tupperware,2,20464.0,,
1003259,Wardle,P00054242,M,18-25,20,0,Himachal Pradesh,Northern,Healthcare,Furniture,2,20463.0,,
1003503,Lloyd,P00241642,M,18-25,25,1,Madhya Pradesh,Central,Aviation,Furniture,1,20457.0,,
1002068,Dhanraj,P00172842,M,36-45,39,0,Uttar Pradesh,Central,Construction,Footwear & Shoes,3,20457.0,,
1002067,Suhani,P00199442,F,51-55,52,1,Delhi,Central,Construction,Footwear & Shoes,2,20454.0,,
1003825,Staebel,P00014542,F,18-25,20,0,Delhi,Central,Aviation,Footwear & Shoes,1,20450.0,,
1000942,Syed,P00214142,M,51-55,52,1,Uttar Pradesh,Central,Lawyer,Furniture,3,20448.0,,
1001456,Lonsdale,P00182242,M,26-35,34,0,Uttar Pradesh,Central,Textile,Footwear & Shoes,1,20445.0,,
1004942,Murry,P00050642,F,46-50,47,0,Uttar Pradesh,Central,IT Sector,Furniture,3,20442.0,,
1002760,McClure,P00101842,M,55+,77,1,Kerala,Southern,Lawyer,Footwear & Shoes,4,20440.0,,
1004327,Payne,P00085942,F,36-45,41,0,Karnataka,Southern,Retail,Footwear & Shoes,2,20438.0,,
1003536,Skye,P00268442,F,18-25,24,1,Karnataka,Southern,Banking,Furniture,3,20433.0,,
1005836,Nishi,P00110942,F,26-35,27,0,Delhi,Central,Govt,Footwear & Shoes,1,20432.0,,
1004682,Vishakha,P00030442,F,26-35,27,1,Uttarakhand,Central,Chemical,Furniture,2,20432.0,,
1004237,Doherty,P00102442,F,26-35,28,0,Karnataka,Southern,Chemical,Footwear & Shoes,4,20429.0,,
1004802,Patil,P00361642,M,55+,87,0,Delhi,Central,Govt,Footwear & Shoes,4,20427.0,,
1001218,Jaideep,P00118542,M,55+,79,0,Madhya Pradesh,Central,Food Processing,Footwear & Shoes,4,20424.0,,
1001611,Joy,P00265142,M,26-35,27,0,Andhra Pradesh,Southern,Healthcare,Footwear & Shoes,2,20423.0,,
1001050,Nishant,P00213342,F,26-35,35,0,Maharashtra,Western,Banking,Footwear & Shoes,1,20420.0,,
1002747,Collister,P0097842,M,18-25,20,0,Haryana,Northern,Healthcare,Tupperware,2,20413.0,,
1001941,Gopal,P00332442,M,36-45,26,1,Uttar Pradesh,Central,Hospitality,Furniture,4,20410.0,,
1004160,Gonzalez,P00041342,F,36-45,36,0,Bihar,Eastern,Retail,Furniture,3,20405.0,,
1002126,Anjali,P00122442,M,55+,71,1,Karnataka,Southern,IT Sector,Footwear & Shoes,2,20405.0,,
1003096,Prashant,P00145442,M,46-50,47,0,Jharkhand,Eastern,Automobile,Furniture,4,20403.0,,
1001451,Sink,P00193842,M,36-45,44,1,Haryana,Northern,Banking,Furniture,2,20394.0,,
1002953,Ryan,P00176642,F,26-35,32,1,Delhi,Central,Automobile,Footwear & Shoes,3,20392.0,,
1004285,Bhishm,P00006442,F,36-45,40,0,Delhi,Central,Healthcare,Footwear & Shoes,1,20387.0,,
1000326,Jonathan,P00120542,M,51-55,53,0,Gujarat,Western,IT Sector,Footwear & Shoes,3,,,
1006016,Sauptik,P00274442,F,46-50,47,0,Maharashtra,Western,Agriculture,Footwear & Shoes,2,20380.0,,
1004343,Swetlana,P00270942,F,26-35,31,0,Karnataka,Southern,Govt,Footwear & Shoes,1,20379.0,,
1001884,Eugene,P00111042,F,46-50,49,0,Delhi,Central,Healthcare,Footwear & Shoes,4,20375.0,,
1000623,McGrath,P00184942,F,26-35,34,1,Delhi,Central,Construction,Footwear & Shoes,3,20373.0,,
1003963,Ritsa,P00226242,F,51-55,51,0,Karnataka,Southern,Chemical,Footwear & Shoes,2,20373.0,,
1002025,Ross,P00175242,M,55+,88,1,Karnataka,Southern,IT Sector,Footwear & Shoes,4,20364.0,,
1001593,Samiksha,P00075742,F,26-35,28,0,Karnataka,Southern,Retail,Footwear & Shoes,1,20363.0,,
1003423,Sayre,P00337742,F,26-35,29,1,Karnataka,Southern,Banking,Footwear & Shoes,4,20362.0,,
1000651,Carreira,P00194142,M,36-45,41,0,Uttar Pradesh,Central,Chemical,Furniture,1,20361.0,,
1005237,Bhaggyasree,P00037142,F,26-35,30,1,Delhi,Central,IT Sector,Footwear & Shoes,3,20359.0,,
1001506,Moumita,P0096442,F,26-35,35,0,Delhi,Central,Textile,Footwear & Shoes,1,20359.0,,
1003641,Cacioppo,P00193242,F,26-35,30,0,Kerala,Southern,Aviation,Furniture,4,20358.0,,
1000182,Speros,P00049442,F,18-25,21,1,Karnataka,Southern,Aviation,Footwear & Shoes,4,20357.0,,
1003108,Filia,P00291542,F,51-55,52,0,Uttar Pradesh,Central,Food Processing,Footwear & Shoes,1,20357.0,,
1005039,Lampkin,P00324442,M,36-45,44,0,Gujarat,Western,Automobile,Tupperware,4,20348.0,,
1001451,Sink,P00311642,F,36-45,41,1,Madhya Pradesh,Central,Banking,Footwear & Shoes,4,20344.0,,
1002340,James,P00117142,F,36-45,45,0,Karnataka,Southern,Construction,Footwear & Shoes,3,20342.0,,
1001339,Hendricks,P00173342,F,36-45,40,0,Madhya Pradesh,Central,Aviation,Footwear & Shoes,1,20338.0,,
1003224,Kushal,P00277842,M,26-35,32,1,Madhya Pradesh,Central,Chemical,Furniture,1,20328.0,,
1004837,Chetan,P00068142,F,26-35,35,1,Kerala,Southern,Banking,Furniture,3,20323.0,,
1004640,Nirja,P00106042,F,26-35,31,1,Maharashtra,Western,Food Processing,Furniture,2,20322.0,,
1003311,Neola,P00249842,F,26-35,33,1,Kerala,Southern,IT Sector,Furniture,1,20317.0,,
1002031,Aditya,P00350942,F,36-45,37,0,Delhi,Central,IT Sector,Footwear & Shoes,4,20315.0,,
1001021,Pradeep,P00059442,F,36-45,37,1,Madhya Pradesh,Central,Automobile,Footwear & Shoes,4,20315.0,,
1001017,Farhat,P00326642,F,36-45,45,0,Karnataka,Southern,Banking,Footwear & Shoes,3,20313.0,,
1000372,Nikita,P00358442,M,18-25,22,1,Delhi,Central,Govt,Furniture,3,20312.0,,
1001520,Ramesh,P00332242,F,26-35,32,1,Delhi,Central,Food Processing,Footwear & Shoes,4,20312.0,,
1003012,Seio,P00221042,M,26-35,34,0,Delhi,Central,Construction,Footwear & Shoes,2,20312.0,,
1001591,Anchal,P00059442,F,51-55,53,1,Uttar Pradesh,Central,Automobile,Footwear & Shoes,2,20310.0,,
1000004,Guthrie,P00184942,F,46-50,47,0,Madhya Pradesh,Central,Retail,Footwear & Shoes,1,20309.0,,
1004627,Rosenblatt,P00282042,M,55+,58,0,Uttar Pradesh,Central,IT Sector,Footwear & Shoes,1,20309.0,,
1006011,Aniket,P00182342,F,36-45,43,1,Delhi,Central,Construction,Footwear & Shoes,1,20308.0,,
1005686,Reiter,P00215442,F,55+,88,0,Andhra Pradesh,Southern,Chemical,Furniture,4,20304.0,,
1000563,Rosenberg,P00319842,F,26-35,28,1,Karnataka,Southern,Healthcare,Footwear & Shoes,1,20303.0,,
1002109,Gelder,P00269242,F,26-35,30,0,Karnataka,Southern,Banking,Footwear & Shoes,4,20302.0,,
1000976,Ashwin,P00250242,F,36-45,41,1,Uttar Pradesh,Central,Aviation,Footwear & Shoes,3,20301.0,,
1005156,Brooks,P00049642,F,18-25,19,1,Delhi,Central,Aviation,Footwear & Shoes,1,20295.0,,
1006016,Sauptik,P00033542,F,46-50,47,0,Delhi,Central,Banking,Footwear & Shoes,3,20290.0,,
1000058,Moray,P00266542,F,26-35,33,0,Karnataka,Southern,Retail,Footwear & Shoes,3,20288.0,,
1005433,Mayank,P00174142,M,36-45,38,0,Delhi,Central,Chemical,Footwear & Shoes,1,20286.0,,
1001733,Gonzalez,P00304942,F,18-25,22,1,Haryana,Northern,Healthcare,Furniture,2,20285.0,,
1004725,Jackson,P00059142,M,36-45,41,0,Karnataka,Southern,Healthcare,Footwear & Shoes,4,20285.0,,
1002956,Neha,P00003242,F,26-35,31,1,Uttar Pradesh,Central,Media,Footwear & Shoes,4,20283.0,,
1000338,Nunn,P00208342,F,36-45,45,0,Delhi,Central,Automobile,Footwear & Shoes,3,20281.0,,
1002766,Cyma,P00319042,F,46-50,50,0,Haryana,Northern,IT Sector,Furniture,3,20280.0,,
1000646,Aarushi,P00086442,M,36-45,43,0,Uttar Pradesh,Central,Govt,Footwear & Shoes,3,20279.0,,
1002037,Gnade,P00364842,F,55+,72,0,Andhra Pradesh,Southern,Govt,Furniture,3,20278.0,,
1005517,Priyanka,P00113042,M,55+,82,0,Karnataka,Southern,Aviation,Footwear & Shoes,2,20278.0,,
1004050,Abhijeet,P00138542,F,36-45,43,1,Uttar Pradesh,Central,Govt,Footwear & Shoes,1,20276.0,,
1005807,Beltran,P00303442,F,36-45,41,0,Madhya Pradesh,Central,Textile,Footwear & Shoes,3,20275.0,,
1002507,Lakshmi,P00045842,F,26-35,35,1,Gujarat,Western,Chemical,Furniture,1,,,
1004498,Srishti,P00030842,F,51-55,55,0,Delhi,Central,Textile,Footwear & Shoes,1,,,
1005157,Parks,P00003242,M,36-45,36,1,Haryana,Northern,Chemical,Footwear & Shoes,2,20269.0,,
1004171,Brian,P00221542,M,55+,87,0,Uttar Pradesh,Central,Construction,Footwear & Shoes,2,20269.0,,
1002012,Gibson,P00273942,F,26-35,34,0,Delhi,Central,IT Sector,Footwear & Shoes,2,20262.0,,
1003934,Ann,P00265242,F,26-35,32,0,Karnataka,Southern,Retail,Footwear & Shoes,4,20260.0,,
1002676,Jitesh,P00177842,M,55+,62,1,Uttar Pradesh,Central,Lawyer,Footwear & Shoes,4,20260.0,,
1002106,Luke,P00016542,M,18-25,24,0,Andhra Pradesh,Southern,Chemical,Furniture,3,20258.0,,
1003741,Shirley,P00127642,F,26-35,29,1,Delhi,Central,Banking,Footwear & Shoes,2,20258.0,,
1001359,Aarushi,P00249742,M,36-45,36,0,Madhya Pradesh,Central,Govt,Footwear & Shoes,4,20257.0,,
1002889,Richard,P00196042,F,36-45,44,0,Karnataka,Southern,Healthcare,Footwear & Shoes,1,20253.0,,
1005096,Roger,P00288342,F,26-35,26,0,Karnataka,Southern,Healthcare,Footwear & Shoes,1,20252.0,,
1004860,Peterman,P00115442,M,26-35,33,0,Karnataka,Southern,Healthcare,Footwear & Shoes,3,20251.0,,
1003726,Randy,P00119442,F,26-35,33,1,Delhi,Central,Hospitality,Footwear & Shoes,2,20250.0,,
1004194,Kennedy,P00286442,F,18-25,20,0,Haryana,Northern,IT Sector,Furniture,4,20246.0,,
1003036,Prescott,P00255842,F,55+,92,0,Uttarakhand,Central,Chemical,Furniture,2,20239.0,,
1003380,Blumstein,P00102342,F,51-55,55,0,Karnataka,Southern,Banking,Footwear & Shoes,3,20237.0,,
1001667,Mane,P00276642,F,51-55,52,0,Delhi,Central,Aviation,Footwear & Shoes,2,20236.0,,
1002888,Corey-Lock,P00321742,F,26-35,26,0,Madhya Pradesh,Central,Media,Footwear & Shoes,3,20233.0,,
1000777,Harivansh,P00259342,M,18-25,22,0,Gujarat,Western,Construction,Furniture,2,20232.0,,
1001503,Willman,P00277242,M,26-35,35,1,Andhra Pradesh,Southern,Food Processing,Footwear & Shoes,1,20230.0,,
1002979,Ken,P00210342,F,36-45,40,0,Karnataka,Southern,Aviation,Footwear & Shoes,2,20230.0,,
1001513,Seio,P00273742,M,36-45,41,1,Himachal Pradesh,Northern,Construction,Furniture,4,20229.0,,
1000651,Carreira,P00346542,M,36-45,36,0,Uttar Pradesh,Central,Healthcare,Footwear & Shoes,1,20227.0,,
1002664,percer,P00090942,M,36-45,45,0,Karnataka,Southern,Aviation,Footwear & Shoes,2,20224.0,,
1004673,Lee,P00125942,M,36-45,36,0,Uttar Pradesh,Central,Chemical,Footwear & Shoes,4,20216.0,,
1000850,Bhawna,P00231442,F,36-45,40,1,Uttar Pradesh,Central,Healthcare,Furniture,3,20212.0,,
1001599,Akshata,P00028842,F,26-35,26,1,Himachal Pradesh,Northern,Construction,Furniture,2,20211.0,,
1001284,O'Brian,P00351342,F,46-50,47,0,Karnataka,Southern,IT Sector,Footwear & Shoes,2,20211.0,,
1003557,Craven,P00058442,F,18-25,24,1,Delhi,Central,Hospitality,Footwear & Shoes,1,20210.0,,
1003320,Sandra,P00179042,M,26-35,29,1,Karnataka,Southern,Aviation,Footwear & Shoes,3,20209.0,,
1005857,Shweta,P00000142,M,46-50,50,0,Karnataka,Southern,IT Sector,Furniture,4,20208.0,,
1004506,Ashbrook,P00312342,F,51-55,51,0,Delhi,Central,Aviation,Footwear & Shoes,2,20207.0,,
1000711,McNair,P00118742,M,26-35,34,0,Karnataka,Southern,Hospitality,Footwear & Shoes,4,20206.0,,
1001088,Phan,P00304142,F,0-17,16,1,Uttar Pradesh,Central,Chemical,Furniture,3,20205.0,,
1001227,Dianna,P00370342,F,51-55,51,0,Madhya Pradesh,Central,Media,Furniture,4,20204.0,,
1000678,Barnes,P00240642,F,26-35,26,1,Karnataka,Southern,Media,Footwear & Shoes,1,20203.0,,
1001666,Swint,P00041442,F,26-35,29,1,Gujarat,Western,Food Processing,Furniture,3,20201.0,,
1003576,Alejandro,P00328742,M,51-55,52,1,Himachal Pradesh,Northern,Banking,Footwear & Shoes,1,20201.0,,
1004819,Swetha,P00264042,F,36-45,36,1,Delhi,Central,Automobile,Footwear & Shoes,3,20200.0,,
1003842,Shivangi,P00115942,M,36-45,39,0,Haryana,Northern,Construction,Footwear & Shoes,3,20196.0,,
1000553,Turumella,P00170642,F,26-35,33,0,Delhi,Central,Aviation,Footwear & Shoes,3,20194.0,,
1005576,Subhashree,P00165442,F,26-35,33,1,Karnataka,Southern,Banking,Footwear & Shoes,1,20192.0,,
1003715,Ludtke,P00016842,F,18-25,24,0,Madhya Pradesh,Central,Govt,Furniture,1,20191.0,,
1000854,Abhijit,P00052542,M,26-35,26,1,Uttar Pradesh,Central,Banking,Furniture,3,20191.0,,
1004089,Reichenbach,P00348242,M,26-35,30,0,Bihar,Eastern,Aviation,Footwear & Shoes,4,20189.0,,
1002515,Roach,P00102542,F,46-50,49,0,Karnataka,Southern,Aviation,Footwear & Shoes,2,20188.0,,
1003903,Kalyani,P00232442,F,26-35,30,0,Delhi,Central,Banking,Footwear & Shoes,2,20187.0,,
1005270,Medina,P00028842,F,26-35,29,1,Bihar,Eastern,Chemical,Furniture,3,20173.0,,
1001952,Rob,P00068442,F,36-45,38,0,Delhi,Central,Healthcare,Footwear & Shoes,3,20173.0,,
1000071,Surbhi,P00062842,F,26-35,33,0,Delhi,Central,Retail,Footwear & Shoes,3,20169.0,,
1001983,Atul,P00346142,M,26-35,33,0,Karnataka,Southern,Aviation,Footwear & Shoes,3,20166.0,,
1003131,Hemangi,P00109742,M,26-35,34,0,Maharashtra,Western,IT Sector,Furniture,2,20165.0,,
1005765,Nat,P00280642,F,26-35,26,1,Uttar Pradesh,Central,Hospitality,Furniture,3,20162.0,,
1002266,Neoma,P00148742,M,51-55,52,0,Karnataka,Southern,Healthcare,Furniture,2,20149.0,,
1004951,Kristina,P00072242,M,36-45,44,0,Maharashtra,Western,Automobile,Furniture,3,20149.0,,
1003823,Denise,P00270542,F,55+,72,1,Gujarat,Western,Healthcare,Furniture,2,20141.0,,
1001297,Murdock,P00105142,F,26-35,32,1,Uttar Pradesh,Central,Healthcare,Furniture,4,20139.0,,
1005031,Shruti,P00112242,M,26-35,27,0,Uttar Pradesh,Central,IT Sector,Furniture,3,20138.0,,
1005260,Hazard,P00331942,F,36-45,38,0,Rajasthan,Northern,Textile,Furniture,3,20131.0,,
1003315,Chuck,P00073642,F,26-35,30,1,Uttarakhand,Central,IT Sector,Furniture,1,20131.0,,
1005926,Barcio,P00182242,M,51-55,55,0,Uttar Pradesh,Central,Agriculture,Furniture,1,20120.0,,
1003675,Hawkins,P00288942,F,36-45,36,1,Maharashtra,Western,Lawyer,Furniture,2,20111.0,,
1004685,Pardue,P00109542,M,36-45,37,0,Karnataka,Southern,Aviation,Furniture,4,20098.0,,
1003505,Fuller,P00071442,M,26-35,34,1,Andhra Pradesh,Southern,Lawyer,Furniture,4,20089.0,,
1000524,Ober,P00018042,F,18-25,25,0,Uttarakhand,Central,IT Sector,Furniture,4,20079.0,,
1003025,Kristen,P00232842,M,36-45,39,0,Uttar Pradesh,Central,Govt,Furniture,3,20077.0,,
1001819,Sudheer,P00121042,M,36-45,38,1,Rajasthan,Northern,Govt,Furniture,2,20066.0,,
1003336,Vipul,P00302642,M,36-45,37,0,Himachal Pradesh,Northern,IT Sector,Furniture,2,20064.0,,
1005305,Greene,P00010842,M,18-25,21,0,Maharashtra,Western,Healthcare,Furniture,4,20058.0,,
1001088,Phan,P00354342,M,0-17,12,1,Uttar Pradesh,Central,Aviation,Furniture,2,20058.0,,
1002069,Cacioppo,P00069542,F,55+,63,1,Madhya Pradesh,Central,Textile,Furniture,1,20056.0,,
1003684,Skach,P00251942,F,26-35,31,1,Kerala,Southern,IT Sector,Furniture,1,20027.0,,
1002664,percer,P00104842,F,36-45,43,0,Rajasthan,Northern,Banking,Furniture,1,20022.0,,
1003274,Carter,P00046742,F,26-35,28,0,Andhra Pradesh,Southern,Media,Furniture,2,20014.0,,
1000583,Alyssa,P00020342,M,26-35,35,0,Madhya Pradesh,Central,Aviation,Furniture,4,20007.0,,
1001499,Caffey,P00338442,F,0-17,12,0,Uttar Pradesh,Central,Aviation,Furniture,2,19991.0,,
1004016,Dowd,P00259242,F,51-55,53,0,Himachal Pradesh,Northern,Govt,Furniture,3,19990.0,,
1004725,Jackson,P0096442,F,36-45,41,0,Uttarakhand,Central,Banking,Furniture,3,19975.0,,
1003934,Ann,P00252942,F,26-35,34,0,Haryana,Northern,Healthcare,Furniture,3,19967.0,,
1004323,Ed,P00191442,F,18-25,21,1,Uttarakhand,Central,Aviation,Furniture,4,19952.0,,
1005239,Quincy,P00178342,F,36-45,43,0,Andhra Pradesh,Southern,Media,Furniture,2,19930.0,,
1004277,Sanjay,P00370342,F,36-45,42,0,Kerala,Southern,Govt,Furniture,3,19927.0,,
1001851,Sidharth,P00325242,F,26-35,34,1,Maharashtra,Western,Agriculture,Furniture,3,19927.0,,
1002102,Hoffman,P00304742,M,26-35,32,0,Kerala,Southern,Govt,Furniture,1,19920.0,,
1000148,Rutuja,P00151742,F,51-55,51,1,Himachal Pradesh,Northern,Banking,Furniture,4,19919.0,,
1000637,Lawera,P00103242,M,36-45,45,1,Uttarakhand,Central,Food Processing,Furniture,3,19911.0,,
1000092,Gene,P00166942,M,18-25,21,1,Uttar Pradesh,Central,Lawyer,Furniture,4,19909.0,,
1005060,Kimmel,P00178042,F,46-50,46,0,Gujarat,Western,Retail,Furniture,3,19907.0,,
1000783,Delaney,P00044442,F,26-35,31,0,Maharashtra,Western,Healthcare,Furniture,3,19904.0,,
1001096,Joy,P00008742,F,0-17,17,0,Jharkhand,Eastern,Automobile,Furniture,3,19903.0,,
1000662,Pawlan,P00325242,F,18-25,20,1,Haryana,Northern,Food Processing,Furniture,2,19901.0,,
1000036,Sonia,P00327342,F,26-35,27,0,Uttarakhand,Central,Construction,Furniture,4,19895.0,,
1001669,George,P00053842,M,26-35,32,0,Andhra Pradesh,Southern,Govt,Food,1,19708.0,,
1001556,Deanra,P00113942,F,18-25,18,0,Maharashtra,Western,Lawyer,Food,4,19705.0,,
1003615,liebe,P00190942,F,26-35,28,1,Maharashtra,Western,Healthcare,Food,2,19704.0,,
1001943,Phelps,P00028542,F,18-25,23,1,Telangana,Southern,Banking,Food,3,19702.0,,
1004449,Masurkar,P00312842,F,26-35,30,0,Uttar Pradesh,Central,Healthcare,Food,3,19699.0,,
1005757,Talbott,P00051442,M,0-17,16,1,Kerala,Southern,Construction,Food,1,19696.0,,
1000737,Steven,P00087042,M,0-17,13,1,Delhi,Central,Chemical,Food,1,19695.0,,
1004505,Daniels,P00301542,M,51-55,53,0,Uttar Pradesh,Central,Govt,Food,2,19695.0,,
1005536,Troy,P00027542,F,26-35,34,0,Andhra Pradesh,Southern,Aviation,Food,2,19690.0,,
1001281,Gjertsen,P00026042,F,26-35,31,0,Gujarat,Western,Automobile,Food,1,19690.0,,
1005824,Eva,P00218142,F,18-25,25,0,Karnataka,Southern,IT Sector,Food,2,19687.0,,
1002419,Shantanu,P00165942,F,26-35,28,1,Himachal Pradesh,Northern,Banking,Food,4,19686.0,,
1002462,Nripraj,P00197042,F,36-45,40,0,Karnataka,Southern,IT Sector,Food,3,19686.0,,
1001154,Ashmeet,P00154642,F,0-17,13,0,Rajasthan,Northern,Govt,Food,2,19684.0,,
1001426,Sandra,P00114942,F,18-25,25,0,Uttar Pradesh,Central,Healthcare,Food,4,19684.0,,
1004601,Gaurav,P00014442,F,36-45,40,1,Madhya Pradesh,Central,Hospitality,Food,4,,,
1003345,Jim,P00144242,F,26-35,29,0,Maharashtra,Western,Banking,Food,4,19683.0,,
1001946,Engle,P00334242,F,26-35,29,1,Karnataka,Southern,Aviation,Food,1,19681.0,,
1003715,Ludtke,P00351042,F,18-25,21,1,Maharashtra,Western,Healthcare,Food,3,19681.0,,
1003111,Dean,P00234542,F,18-25,18,0,Uttar Pradesh,Central,Hospitality,Food,3,19681.0,,
1001387,Ashley,P00086442,M,51-55,55,0,Uttar Pradesh,Central,IT Sector,Food,2,19678.0,,
1000725,Goranitis,P00093242,F,55+,67,1,Kerala,Southern,Govt,Food,3,19677.0,,
1001022,Minnotte,P00340942,F,26-35,26,0,Bihar,Eastern,IT Sector,Food,1,19676.0,,
1004357,Dana,P00036842,M,36-45,45,0,Uttar Pradesh,Central,IT Sector,Food,2,19676.0,,
1005091,Hitika,P00182142,F,26-35,26,0,Andhra Pradesh,Southern,IT Sector,Food,4,19674.0,,
1005650,Mautz,P00085942,M,36-45,39,1,Uttar Pradesh,Central,Healthcare,Food,1,19674.0,,
1001941,Gopal,P00179442,M,36-45,26,1,Jharkhand,Eastern,Hospitality,Food,2,19672.0,,
1004528,Anurag,P00338442,F,26-35,33,1,Uttar Pradesh,Central,Automobile,Food,2,,,
1003655,Asish,P00255842,M,26-35,32,0,Uttar Pradesh,Central,Banking,Food,1,19671.0,,
1003650,Ginny,P00050542,F,26-35,27,0,Maharashtra,Western,Lawyer,Food,4,19670.0,,
1002955,Soodesh,P00119142,F,36-45,44,0,Uttar Pradesh,Central,Chemical,Food,4,19670.0,,
1002818,Harrigan,P00129542,F,26-35,34,0,Karnataka,Southern,IT Sector,Food,2,19669.0,,
1005788,Bixby,P00255942,F,26-35,31,0,Maharashtra,Western,Healthcare,Food,4,19667.0,,
1000533,Akash,P00184942,F,26-35,27,1,Uttar Pradesh,Central,Aviation,Food,1,19660.0,,
1005709,Madhulika,P00120042,F,18-25,21,1,Uttar Pradesh,Central,Media,Food,4,19659.0,,
1001897,Eplett,P00111942,M,51-55,54,0,Maharashtra,Western,IT Sector,Food,1,19658.0,,
1001777,Hirsh,P00344242,F,26-35,32,0,Andhra Pradesh,Southern,Retail,Food,3,19654.0,,
1000337,Phonely,P00241642,F,18-25,18,1,Haryana,Northern,IT Sector,Food,3,19652.0,,
1005201,Karlsson,P00101342,F,51-55,55,1,Maharashtra,Western,Aviation,Food,2,19650.0,,
1001437,Savi,P00043342,F,51-55,55,0,Uttar Pradesh,Central,Retail,Food,3,19646.0,,
1006009,Aditya,P00148642,M,26-35,28,1,Punjab,Northern,Hospitality,Food,4,19644.0,,
1000148,Rutuja,P00334642,F,51-55,51,0,Telangana,Southern,Construction,Food,2,19643.0,,
1004980,Rob,P00331942,F,26-35,31,0,Madhya Pradesh,Central,Food Processing,Food,1,19642.0,,
1001952,Rob,P00102342,F,36-45,36,0,Haryana,Northern,IT Sector,Food,2,19641.0,,
1004042,Phillina,P00114842,F,36-45,45,0,Karnataka,Southern,Lawyer,Food,1,19639.0,,
1003317,Kinney,P00042242,F,26-35,30,0,Gujarat,Western,Media,Food,2,19638.0,,
1000820,Moray,P00368642,F,36-45,43,1,Bihar,Eastern,IT Sector,Food,2,19637.0,,
1001306,Airdo,P00080342,F,26-35,34,1,Haryana,Northern,IT Sector,Food,1,19637.0,,
1005000,Caudle,P00116642,F,26-35,29,1,Bihar,Eastern,Media,Food,4,19634.0,,
1003722,Muskan,P00181542,F,26-35,32,1,Uttar Pradesh,Central,Lawyer,Food,3,19630.0,,
1000783,Delaney,P00118342,F,26-35,27,1,Uttar Pradesh,Central,IT Sector,Food,4,19629.0,,
1001895,Gross,P00113842,F,36-45,38,1,Andhra Pradesh,Southern,Govt,Food,4,19628.0,,
1004425,Indulekha,P00020242,F,36-45,39,1,Maharashtra,Western,Retail,Food,3,19628.0,,
1003189,Kipp,P00112542,F,26-35,28,1,Maharashtra,Western,Healthcare,Food,1,19625.0,,
1003562,Sonal,P00155242,M,26-35,29,0,Maharashtra,Western,IT Sector,Food,3,19623.0,,
1004736,Mahima,P00084842,F,18-25,19,0,Delhi,Central,Healthcare,Food,4,19620.0,,
1002994,Hemant,P0009942,F,36-45,38,0,Uttar Pradesh,Central,IT Sector,Food,4,,,
1003213,Bolton,P00278642,M,26-35,28,1,Maharashtra,Western,Automobile,Food,2,19619.0,,
1003105,Ludwig,P00244142,F,36-45,38,1,Bihar,Eastern,Agriculture,Food,4,19617.0,,
1004795,Lonsdale,P00043542,F,46-50,49,0,Bihar,Eastern,Media,Food,2,19617.0,,
1004937,Ferrer,P00169442,F,36-45,43,0,Karnataka,Southern,Aviation,Food,4,19615.0,,
1001050,Nishant,P00162942,F,26-35,31,0,Haryana,Northern,Aviation,Food,1,19614.0,,
1004884,Divyeta,P00319342,F,36-45,43,0,Uttar Pradesh,Central,Govt,Food,4,19613.0,,
1005377,Piyam,P00279542,M,18-25,24,1,Uttar Pradesh,Central,Aviation,Food,1,19609.0,,
1002571,Hrisheekesh,P00058142,F,36-45,45,0,Karnataka,Southern,Banking,Food,2,19608.0,,
1003630,Atharv,P00350342,F,18-25,22,0,Uttar Pradesh,Central,Govt,Food,4,19604.0,,
1000738,McAdams,P00307342,M,18-25,20,1,Uttar Pradesh,Central,Banking,Food,4,19603.0,,
1000712,Riya,P00338542,F,26-35,29,1,Uttar Pradesh,Central,IT Sector,Food,3,19603.0,,
1004058,Shaily,P00113142,F,26-35,30,1,Uttar Pradesh,Central,Automobile,Food,2,19602.0,,
1005930,Roach,P00084442,M,36-45,38,1,Himachal Pradesh,Northern,Chemical,Food,3,19600.0,,
1001451,Sink,P00145742,F,36-45,39,0,Haryana,Northern,IT Sector,Food,3,19599.0,,
1004041,Fritzler,P00039442,F,18-25,18,0,Haryana,Northern,Govt,Food,4,19596.0,,
1003311,Neola,P00183242,F,26-35,30,0,Andhra Pradesh,Southern,Govt,Food,3,19595.0,,
1003216,Pratyusmita,P00330242,F,36-45,41,1,Uttar Pradesh,Central,Construction,Food,3,19591.0,,
1000774,Abhishek,P00370242,F,18-25,23,0,Uttar Pradesh,Central,Banking,Food,2,19589.0,,
1003689,Hildebrand,P00219942,F,26-35,31,1,Andhra Pradesh,Southern,Healthcare,Food,4,19587.0,,
1005458,Akshat,P00151742,M,18-25,23,0,Andhra Pradesh,Southern,Healthcare,Food,2,19586.0,,
1003458,Soltero,P00212942,F,46-50,50,0,Andhra Pradesh,Southern,Chemical,Food,2,19586.0,,
1005458,Akshat,P00151742,M,18-25,23,0,Kerala,Southern,Healthcare,Food,1,19586.0,,
1001591,Anchal,P00280242,F,51-55,52,1,Uttar Pradesh,Central,IT Sector,Food,4,19585.0,,
1003681,Andreadi,P00180342,F,26-35,35,0,Haryana,Northern,Lawyer,Food,3,19583.0,,
1002942,Christy,P00114142,M,51-55,52,0,Uttar Pradesh,Central,Aviation,Food,1,19583.0,,
1003320,Sandra,P00179842,M,26-35,28,0,Haryana,Northern,Construction,Food,1,19582.0,,
1004740,Mayank,P00058442,M,26-35,28,0,Andhra Pradesh,Southern,Healthcare,Food,2,19580.0,,
1005964,Aromal,P00265742,F,18-25,24,0,Madhya Pradesh,Central,Govt,Food,2,19580.0,,
1000313,Brooke,P00117742,M,18-25,23,1,Madhya Pradesh,Central,Healthcare,Food,3,19578.0,,
1001150,Becky,P00228142,M,26-35,29,0,Uttar Pradesh,Central,Aviation,Food,2,19577.0,,
1001150,Becky,P00228142,M,26-35,29,0,Uttar Pradesh,Central,Aviation,Food,4,19577.0,,
1000793,Staavos,P00331842,M,36-45,43,0,Bihar,Eastern,Lawyer,Food,1,19575.0,,
1000392,Cooley,P00354642,F,18-25,23,0,Uttar Pradesh,Central,Healthcare,Food,2,19575.0,,
1001183,Mahima,P00237542,F,36-45,36,0,Uttar Pradesh,Central,Banking,Food,3,19575.0,,
1000787,Anemone,P00328042,F,18-25,23,1,Bihar,Eastern,IT Sector,Food,1,19574.0,,
1003626,Kartik,P00145942,M,26-35,34,0,Kerala,Southern,Healthcare,Food,4,19574.0,,
1001962,Bryan,P00194442,M,18-25,20,0,Delhi,Central,Food Processing,Food,3,19573.0,,
1003618,Keshav,P00178842,M,18-25,19,0,Madhya Pradesh,Central,Lawyer,Food,2,19573.0,,
1004042,Phillina,P00131542,F,36-45,42,0,Karnataka,Southern,Food Processing,Food,4,19572.0,,
1001736,Martinez,P00152742,F,55+,71,0,Maharashtra,Western,Hospitality,Food,4,19571.0,,
1002733,Guy,P00209842,F,46-50,49,0,Andhra Pradesh,Southern,Media,Food,3,19568.0,,
1003292,Dipali,P00327242,M,51-55,52,0,Karnataka,Southern,Banking,Food,4,19568.0,,
1001889,Carl,P00345842,F,18-25,19,0,Bihar,Eastern,Food Processing,Food,3,19567.0,,
1000850,Bhawna,P00088242,F,36-45,41,1,Karnataka,Southern,IT Sector,Food,2,19567.0,,
1001757,Eleni,P00244242,F,26-35,29,0,Delhi,Central,Healthcare,Food,1,19566.5,,
1001312,Dianna,P00190142,F,26-35,30,0,Uttar Pradesh,Central,Media,Food,2,19566.0,,
1001390,Tom,P00052642,F,36-45,39,0,Maharashtra,Western,Construction,Food,3,19565.0,,
1005556,Jitesh,P00113442,F,46-50,50,1,Karnataka,Southern,Banking,Food,1,19564.0,,
1002235,Kishwar,P00133542,F,0-17,16,0,Maharashtra,Western,Banking,Food,2,19561.0,,
1000798,Amisha,P00187442,M,26-35,31,0,Madhya Pradesh,Central,Govt,Food,4,19560.0,,
1005906,Sunley,P00062842,M,18-25,18,1,Jharkhand,Eastern,Banking,Food,4,19557.0,,
1005221,Yogesh,P00346642,M,55+,67,0,Uttarakhand,Central,Retail,Food,2,19557.0,,
1004153,Heidel,P00052042,F,51-55,54,0,Maharashtra,Western,Govt,Food,2,19556.0,,
1002896,Dashyam,P00070042,F,18-25,21,0,Karnataka,Southern,Aviation,Food,1,19555.0,,
1005083,Laura,P00014642,F,26-35,35,1,Maharashtra,Western,Banking,Food,4,19555.0,,
1001579,Victor,P00176542,F,26-35,32,0,Karnataka,Southern,Food Processing,Food,4,19554.0,,
1003550,Jesal,P00316642,F,26-35,31,1,Uttar Pradesh,Central,Aviation,Food,1,19554.0,,
1003281,Sanjna,P00216342,F,26-35,34,0,Uttar Pradesh,Central,Hospitality,Food,4,19552.0,,
1002428,Lori,P00282242,F,46-50,47,1,Maharashtra,Western,Aviation,Food,1,19551.0,,
1005795,Conant,P00129342,F,26-35,28,0,Gujarat,Western,Aviation,Food,2,19548.0,,
1000081,Laalji,P00184942,M,26-35,26,0,Karnataka,Southern,Food Processing,Food,2,19547.0,,
1004021,Aishwarya,P00316642,F,51-55,53,1,Maharashtra,Western,Automobile,Food,4,19545.0,,
1004285,Bhishm,P00189842,F,36-45,43,0,Maharashtra,Western,Lawyer,Food,2,19536.0,,
1005327,Monton,P00103042,F,26-35,35,0,Haryana,Northern,Retail,Food,3,19533.0,,
1003626,Kartik,P00120442,F,26-35,27,1,Uttar Pradesh,Central,Govt,Food,3,19532.0,,
1003358,Mitch,P00144642,M,26-35,35,1,Karnataka,Southern,Govt,Food,1,19531.0,,
1003391,Rose,P00351942,F,18-25,18,0,Maharashtra,Western,Media,Food,4,19531.0,,
1002262,Geld,P00208342,F,46-50,48,0,Maharashtra,Western,Healthcare,Food,3,19527.0,,
1002857,Sukant,P00225642,F,26-35,31,0,Maharashtra,Western,Retail,Food,3,19524.0,,
1003946,Ashvini,P00195342,M,26-35,26,0,Karnataka,Southern,Chemical,Food,3,19522.0,,
1001483,Shardul,P00151742,F,18-25,20,0,Uttar Pradesh,Central,Healthcare,Food,3,19522.0,,
1004418,Sibella,P00025642,M,51-55,53,0,Maharashtra,Western,Hospitality,Food,1,19520.0,,
1000331,Bhargav,P00044442,F,26-35,27,0,Uttar Pradesh,Central,Textile,Food,4,19520.0,,
1005237,Bhaggyasree,P00137242,F,26-35,32,1,Gujarat,Western,Banking,Food,4,19518.0,,
1001530,Haberlin,P00115742,F,26-35,33,0,Andhra Pradesh,Southern,IT Sector,Food,2,19516.0,,
1000331,Bhargav,P00279442,F,26-35,32,1,Maharashtra,Western,Agriculture,Food,4,19516.0,,
1001128,Weiss,P00290342,F,26-35,27,1,Uttar Pradesh,Central,Banking,Food,3,19516.0,,
1004856,Garverick,P00084842,M,26-35,28,0,Kerala,Southern,Hospitality,Food,1,19515.0,,
1004362,Prichep,P00057542,F,26-35,28,1,Maharashtra,Western,IT Sector,Food,3,19515.0,,
1001806,Duston,P00046742,F,18-25,25,0,Telangana,Southern,Media,Food,4,19513.0,,
1003546,Nockton,P00285342,F,26-35,29,1,Haryana,Northern,Automobile,Food,1,19512.0,,
1002803,Jahan,P00110742,F,26-35,34,0,Uttar Pradesh,Central,Aviation,Food,3,19510.0,,
1004133,McCrary,P00226242,F,46-50,47,0,Bihar,Eastern,Retail,Food,1,19508.0,,
1004601,Gaurav,P00156442,F,36-45,41,0,Delhi,Central,Aviation,Food,3,19507.0,,
1004589,Dunbar,P00281742,F,26-35,26,0,Maharashtra,Western,Automobile,Food,1,19507.0,,
1002849,O'Rourke,P00327542,F,46-50,49,0,Haryana,Northern,Textile,Food,3,19506.0,,
1005355,Akanksha,P00246142,F,55+,90,1,Gujarat,Western,Banking,Food,1,19505.0,,
1004243,Koutras,P00128442,F,55+,56,1,Maharashtra,Western,Automobile,Food,4,19499.0,,
1000876,Aromal,P00219942,F,26-35,26,1,Uttar Pradesh,Central,Chemical,Food,2,19499.0,,
1005251,Luke,P00085642,M,26-35,29,0,Jharkhand,Eastern,IT Sector,Food,2,19497.0,,
1003361,Sheldon,P00145042,F,26-35,33,1,Uttar Pradesh,Central,Aviation,Food,2,19495.0,,
1002376,Brosina,P00085242,F,26-35,34,0,Delhi,Central,Media,Food,2,19493.0,,
1000869,Crebassa,P00145642,F,18-25,23,1,Andhra Pradesh,Southern,IT Sector,Food,4,19490.0,,
1004238,Dona,P00206642,F,36-45,43,1,Uttar Pradesh,Central,Food Processing,Food,2,19490.0,,
1000955,Monica,P00237542,M,51-55,51,0,Uttar Pradesh,Central,IT Sector,Food,2,19490.0,,
1001074,Brown,P00117442,F,46-50,48,1,Bihar,Eastern,Automobile,Food,2,19489.0,,
1003503,Lloyd,P00333542,F,18-25,19,1,Uttar Pradesh,Central,Healthcare,Food,1,19488.0,,
1003218,Craig,P00265242,F,55+,63,0,Madhya Pradesh,Central,Agriculture,Food,3,19487.0,,
1003182,Cartwright,P00363742,F,26-35,26,0,Karnataka,Southern,Aviation,Food,1,19486.0,,
1002941,Bavinger,P00189642,F,36-45,37,0,Gujarat,Western,Automobile,Food,3,19484.0,,
1001399,Chapman,P00361842,F,18-25,19,0,Madhya Pradesh,Central,Automobile,Food,3,19484.0,,
1004337,Dawkins,P00120342,F,18-25,20,0,Maharashtra,Western,Media,Food,4,19483.0,,
1003711,Manning,P00031042,F,36-45,36,0,Madhya Pradesh,Central,Healthcare,Food,3,19477.0,,
1000646,Aarushi,P00356942,F,36-45,43,1,Madhya Pradesh,Central,IT Sector,Food,2,19477.0,,
1001631,Wilson,P00192242,M,51-55,52,0,Maharashtra,Western,Healthcare,Food,2,19477.0,,
1003487,Jesus,P00220342,F,18-25,22,0,Maharashtra,Western,IT Sector,Food,4,19474.0,,
1000429,Farah,P00113342,F,18-25,21,0,Uttar Pradesh,Central,Healthcare,Food,2,19474.0,,
1003026,Hendricks,P0096642,M,18-25,20,0,Andhra Pradesh,Southern,Healthcare,Food,1,19472.0,,
1001680,Vasudev,P00064342,M,26-35,26,0,Madhya Pradesh,Central,Food Processing,Food,1,19472.0,,
1000150,Toch,P00025442,F,36-45,44,1,Delhi,Central,Agriculture,Food,3,19469.0,,
1003824,Dilbeck,P00110242,F,26-35,26,0,Uttar Pradesh,Central,Chemical,Food,4,19467.0,,
1004124,Kastensmidt,P00110842,F,26-35,32,1,Haryana,Northern,Media,Food,1,19466.0,,
1000204,Tejeswini,P00359742,F,26-35,33,0,Karnataka,Southern,Chemical,Food,2,19466.0,,
1004408,Harsh,P0095042,M,46-50,47,1,Punjab,Northern,Govt,Food,1,19465.0,,
1004408,Harsh,P0095042,M,46-50,47,1,Telangana,Southern,Govt,Food,4,19465.0,,
1004227,William,P00089442,F,26-35,26,0,Maharashtra,Western,IT Sector,Food,3,19462.0,,
1005851,Sakshi,P00293242,M,18-25,25,0,Uttar Pradesh,Central,Retail,Food,4,19459.0,,
1000808,Kasheen,P00181342,F,26-35,32,1,Uttar Pradesh,Central,IT Sector,Food,2,19457.0,,
1002526,Shreya,P00271142,M,55+,92,1,Uttar Pradesh,Central,Banking,Food,2,19457.0,,
1005262,Aryan,P00286642,M,26-35,28,0,Maharashtra,Western,Construction,Food,4,19456.0,,
1002771,Sukant,P00101942,F,18-25,23,1,Rajasthan,Northern,Chemical,Food,3,19455.0,,
1001980,Christina,P00174442,F,36-45,38,1,Delhi,Central,Media,Food,4,19454.0,,
1002109,Gelder,P00270942,F,26-35,31,1,Maharashtra,Western,Govt,Food,1,19454.0,,
1005329,Heidel,P00112342,M,26-35,35,1,Karnataka,Southern,Textile,Food,3,19451.0,,
1005718,Nat,P00058042,M,36-45,42,0,Himachal Pradesh,Northern,Banking,Food,3,19450.0,,
1004950,LaWare,P00176942,F,26-35,30,0,Uttar Pradesh,Central,Govt,Food,1,19449.0,,
1001532,Aditi,P00250642,F,18-25,19,1,Uttar Pradesh,Central,Construction,Food,1,19448.0,,
1003519,Catlett,P00313342,M,26-35,32,1,Uttar Pradesh,Central,Lawyer,Food,3,19446.0,,
1000732,Katz,P00162042,F,26-35,29,0,Delhi,Central,Healthcare,Food,2,19445.0,,
1001920,Yash,P00123742,M,36-45,44,1,Maharashtra,Western,Banking,Food,1,19445.0,,
1005806,Roper,P00288642,M,51-55,52,1,Kerala,Southern,Media,Food,3,19444.0,,
1000229,Dortch,P00156242,F,18-25,18,0,Madhya Pradesh,Central,IT Sector,Food,2,19443.0,,
1002063,Shreyshi,P00026742,F,26-35,29,0,Haryana,Northern,Banking,Food,4,19441.0,,
1004417,Lomonaco,P00045142,F,26-35,34,1,Uttar Pradesh,Central,IT Sector,Food,3,19438.0,,
1004509,Madhav,P00259142,M,26-35,26,1,Bihar,Eastern,Media,Food,4,19437.0,,
1000780,Ishit,P00321742,F,26-35,30,1,Uttar Pradesh,Central,Aviation,Food,1,19437.0,,
1001430,Raksha,P00106042,F,18-25,22,1,Uttar Pradesh,Central,Govt,Food,1,19436.0,,
1000651,Carreira,P00041342,F,36-45,38,0,Maharashtra,Western,Govt,Food,1,19434.0,,
1003384,Sujay,P00147742,F,36-45,44,0,Uttar Pradesh,Central,Healthcare,Food,1,19434.0,,
1005488,Logan,P00053742,F,26-35,35,0,Maharashtra,Western,Chemical,Food,2,19433.0,,
1004682,Vishakha,P00134242,F,26-35,27,1,Karnataka,Southern,Aviation,Food,1,19432.0,,
1004791,Crebagga,P00124342,F,18-25,19,1,Maharashtra,Western,Govt,Food,1,19431.0,,
1002181,Sweta,P00150942,F,26-35,32,1,Uttar Pradesh,Central,IT Sector,Food,3,19431.0,,
1002109,Gelder,P00028942,F,26-35,34,0,Bihar,Eastern,Textile,Food,1,19426.0,,
1001563,Subhasmita,P00361842,M,0-17,16,1,Andhra Pradesh,Southern,Hospitality,Food,3,19425.0,,
1001427,Zrebassa,P00216342,F,26-35,32,1,Karnataka,Southern,Hospitality,Food,2,19424.0,,
1004510,Crebagga,P00236542,F,46-50,46,0,Uttar Pradesh,Central,Retail,Food,1,19423.0,,
1000533,Akash,P00221142,F,26-35,31,1,Telangana,Southern,Lawyer,Food,4,19419.0,,
1000343,Vrinda,P00112342,M,36-45,45,0,Gujarat,Western,Chemical,Food,2,19416.0,,
1003128,Donovan,P00182442,F,18-25,19,1,Uttar Pradesh,Central,Media,Food,1,19415.0,,
1001317,Nikhil,P00052542,F,46-50,50,0,Madhya Pradesh,Central,Healthcare,Food,1,19414.0,,
1002173,Kritika,P00270842,F,51-55,54,1,Uttar Pradesh,Central,Automobile,Food,3,19413.0,,
1001448,Avila,P00205842,M,26-35,32,0,Andhra Pradesh,Southern,Lawyer,Food,2,19412.0,,
1001181,Cathy,P00052842,F,36-45,43,1,Karnataka,Southern,Aviation,Food,4,19410.0,,
1004765,Alex,P00102642,M,36-45,43,0,Uttarakhand,Central,Hospitality,Food,3,19408.0,,
1001128,Weiss,P00075542,F,26-35,26,0,Andhra Pradesh,Southern,Media,Food,2,19406.0,,
1004562,Burns,P00120142,F,36-45,39,0,Telangana,Southern,Textile,Food,4,19404.0,,
1001721,Ankita,P00008642,F,18-25,24,1,Gujarat,Western,Aviation,Food,3,19402.0,,
1004450,Magdelene,P00183042,F,26-35,29,0,Maharashtra,Western,Healthcare,Food,4,19401.0,,
1000352,Maris,P00154042,F,18-25,23,1,Uttar Pradesh,Central,Lawyer,Food,1,19401.0,,
1002627,Vaibhav,P00370642,F,26-35,29,0,Delhi,Central,Construction,Food,2,19400.0,,
1003633,McAfee,P00110942,F,36-45,41,1,Jharkhand,Eastern,Automobile,Food,1,19399.0,,
1000749,Flanagan,P00123542,F,36-45,37,1,Maharashtra,Western,Healthcare,Food,2,19399.0,,
1004673,Lee,P00277642,F,36-45,41,0,Maharashtra,Western,Healthcare,Food,3,19395.0,,
1002088,Divyansha,P00063342,F,51-55,52,0,Uttar Pradesh,Central,Banking,Food,1,19395.0,,
1003576,Alejandro,P00123742,F,51-55,53,0,Madhya Pradesh,Central,Agriculture,Food,4,19394.0,,
1000476,Manjiri,P00143642,F,36-45,41,0,Uttar Pradesh,Central,Agriculture,Food,2,19392.0,,
1000480,Shatayu,P00317942,M,18-25,25,0,Madhya Pradesh,Central,IT Sector,Food,4,19391.0,,
1003422,Grayson,P00057342,F,26-35,34,1,Uttar Pradesh,Central,Healthcare,Food,4,19386.0,,
1002926,Pratyusmita,P00161942,M,18-25,19,1,Rajasthan,Northern,Aviation,Food,3,19385.0,,
1001587,Suzanne,P00293742,M,26-35,30,1,Delhi,Central,Banking,Food,3,19383.0,,
1004794,Cyma,P00007842,M,36-45,37,0,Maharashtra,Western,Chemical,Food,4,19381.0,,
1004132,Wale,P00249842,F,26-35,29,0,Delhi,Central,Retail,Food,4,19380.0,,
1002151,Pranav,P00046742,F,55+,90,0,Karnataka,Southern,IT Sector,Food,3,19380.0,,
1004663,Manshul,P00220342,M,26-35,30,1,Uttar Pradesh,Central,IT Sector,Food,3,19380.0,,
1003227,Ayush,P00067942,M,26-35,32,1,Kerala,Southern,Healthcare,Food,4,19379.0,,
1005636,Tran,P00331442,F,26-35,33,1,Uttar Pradesh,Central,Aviation,Food,3,19378.0,,
1002016,Manibalan,P00139942,M,55+,67,0,Maharashtra,Western,Automobile,Food,1,19376.0,,
1003970,Nishant,P00053842,M,26-35,33,0,Bihar,Eastern,Chemical,Food,4,19375.0,,
1000163,Rachel,P00061142,F,18-25,22,0,Karnataka,Southern,Banking,Food,2,19369.0,,
1004708,Southworth,P00116742,F,26-35,28,0,Bihar,Eastern,Banking,Food,2,19368.0,,
1005077,Venier,P00100742,F,26-35,26,1,Uttar Pradesh,Central,Govt,Food,4,19368.0,,
1004335,Aryan,P00170942,F,36-45,36,0,Maharashtra,Western,Healthcare,Food,3,19367.0,,
1000327,Uudhav,P00323642,F,36-45,37,0,Uttar Pradesh,Central,Retail,Food,1,19367.0,,
1003778,Dickinson,P00049242,F,26-35,29,1,Karnataka,Southern,Aviation,Food,1,19363.0,,
1005625,Roberts,P00289342,F,26-35,29,0,Uttar Pradesh,Central,Automobile,Food,4,19363.0,,
1001004,Kirkland,P00052042,F,26-35,26,0,Uttar Pradesh,Central,Healthcare,Food,4,19361.0,,
1005111,Amisha,P00118842,F,36-45,36,0,Delhi,Central,Hospitality,Food,4,19356.0,,
1003681,Andreadi,P00307642,F,26-35,31,1,Maharashtra,Western,Govt,Food,2,19356.0,,
1000601,Knudson,P00206442,M,18-25,25,1,Maharashtra,Western,Aviation,Food,1,19355.0,,
1001465,Baptist,P00350042,F,51-55,51,0,Uttar Pradesh,Central,Agriculture,Food,1,19353.0,,
1002665,Champaklata,P00057342,F,36-45,44,0,Andhra Pradesh,Southern,Food Processing,Food,2,19351.0,,
1003726,Randy,P00030942,F,26-35,33,1,Jharkhand,Eastern,IT Sector,Food,3,19350.0,,
1000181,Jay,P00319342,F,18-25,19,0,Karnataka,Southern,Agriculture,Food,1,19349.0,,
1003132,Vikash,P00334242,F,36-45,38,1,Karnataka,Southern,Textile,Food,1,19346.0,,
1002743,Patil,P00026942,F,26-35,30,0,Uttar Pradesh,Central,Food Processing,Food,3,19346.0,,
1005305,Greene,P00069242,M,18-25,20,1,Karnataka,Southern,Textile,Food,3,19345.0,,
1000251,Sakshi,P00228242,F,55+,75,1,Uttar Pradesh,Central,Aviation,Food,2,19344.0,,
1000631,Mukesh,P00224142,F,36-45,44,0,Karnataka,Southern,Healthcare,Food,1,19342.0,,
1006000,Weirich,P00146742,M,46-50,48,1,Uttar Pradesh,Central,Hospitality,Food,1,19342.0,,
1005001,Thomas,P00131042,M,26-35,27,1,Uttar Pradesh,Central,Media,Food,3,19339.0,,
1003868,Delaney,P00124642,F,18-25,19,1,Andhra Pradesh,Southern,Aviation,Food,4,19337.0,,
1003311,Neola,P00367342,F,26-35,31,0,Haryana,Northern,Govt,Food,4,19336.0,,
1003913,Erica,P00220442,F,18-25,19,0,Andhra Pradesh,Southern,Retail,Auto,4,19334.0,,
1001426,Sandra,P00074642,F,18-25,25,0,Karnataka,Southern,Retail,Food,4,19334.0,,
1005011,Anurag,P00284742,F,18-25,21,1,Uttar Pradesh,Central,Chemical,Food,2,19333.0,,
1003171,Reichenbach,P00362342,M,51-55,52,0,Karnataka,Southern,Healthcare,Food,1,19328.0,,
1004171,Brian,P00357042,F,55+,82,0,Karnataka,Southern,Healthcare,Food,3,19328.0,,
1000765,Perrino,P00241642,F,26-35,30,0,Uttar Pradesh,Central,Chemical,Food,1,19327.0,,
1000068,Pardue,P00001742,F,18-25,20,1,Karnataka,Southern,Food Processing,Food,1,19326.0,,
1003942,Hazard,P00208342,F,18-25,24,1,Maharashtra,Western,Healthcare,Food,3,19326.0,,
1000973,Philisse,P00196542,M,26-35,28,0,Uttar Pradesh,Central,Lawyer,Food,4,19326.0,,
1005523,Suhani,P00282142,F,36-45,42,1,Andhra Pradesh,Southern,Aviation,Auto,1,19325.0,,
1005837,Kunst,P00253742,F,26-35,35,1,Bihar,Eastern,Chemical,Food,1,19325.0,,
1002257,Collister,P00117442,M,18-25,22,0,Maharashtra,Western,Chemical,Food,2,19325.0,,
1002990,Reiten,P00190142,F,36-45,38,0,Haryana,Northern,IT Sector,Food,2,19323.0,,
1003925,Khloe,P00229942,F,26-35,31,0,Maharashtra,Western,Aviation,Food,3,19320.0,,
1005278,Anisha,P00073842,M,26-35,35,1,Maharashtra,Western,Media,Food,2,19320.0,,
1005278,Anisha,P00073842,M,26-35,35,1,Maharashtra,Western,Media,Food,4,19320.0,,
1004790,Dario,P00313542,M,26-35,35,1,Delhi,Central,Aviation,Food,3,19319.0,,
1001019,Neil,P00196542,F,36-45,39,1,Haryana,Northern,Govt,Food,3,19319.0,,
1001133,Doug,P00066242,F,18-25,25,0,Uttar Pradesh,Central,Aviation,Food,4,19318.0,,
1001173,Ginny,P00044442,M,26-35,27,1,Andhra Pradesh,Southern,Lawyer,Food,3,19316.0,,
1000587,Hrisheekesh,P00298142,F,26-35,34,0,Andhra Pradesh,Southern,Lawyer,Auto,1,19316.0,,
1005367,Barton,P00092942,F,18-25,20,1,Uttar Pradesh,Central,Govt,Food,2,19314.0,,
1003945,Mrunal,P00105342,M,46-50,50,0,Bihar,Eastern,Textile,Food,1,19312.0,,
1003841,Philip,P00044542,F,46-50,46,0,Andhra Pradesh,Southern,Lawyer,Food,4,19311.0,,
1002665,Champaklata,P00220942,F,36-45,43,0,Maharashtra,Western,Chemical,Food,1,19311.0,,
1004058,Shaily,P00218442,F,26-35,34,0,Kerala,Southern,IT Sector,Food,1,19310.0,,
1005090,Harton,P00110542,M,36-45,44,1,Uttar Pradesh,Central,Govt,Food,2,19310.0,,
1005390,Naresj,P00326242,F,0-17,13,1,Madhya Pradesh,Central,IT Sector,Food,3,19308.0,,
1003807,Suman,P00138442,M,36-45,39,1,Punjab,Northern,Retail,Food,2,19307.0,,
1005824,Eva,P00228042,F,18-25,18,0,Maharashtra,Western,Govt,Food,2,19306.0,,
1003079,Akshay,P00135142,M,26-35,27,0,Uttar Pradesh,Central,Media,Food,2,19303.0,,
1001836,Brian,P00171342,F,26-35,32,0,Andhra Pradesh,Southern,IT Sector,Food,2,19301.0,,
1002383,Fuller,P00316642,M,26-35,31,1,Punjab,Northern,Govt,Food,2,19301.0,,
1003476,Lalita,P00180542,F,51-55,54,0,Karnataka,Southern,Govt,Food,4,19300.0,,
1004593,Barcio,P00105642,M,46-50,49,0,Madhya Pradesh,Central,Retail,Food,2,19300.0,,
1002627,Vaibhav,P00344242,F,26-35,30,0,Uttar Pradesh,Central,Construction,Food,1,19300.0,,
1000049,Shreyoshe,P00111142,F,18-25,24,0,Karnataka,Southern,Media,Food,4,19297.0,,
1002926,Pratyusmita,P00224042,M,18-25,25,0,Delhi,Central,Aviation,Food,2,19295.0,,
1001383,Jacobs,P0095442,M,26-35,35,1,Himachal Pradesh,Northern,IT Sector,Auto,1,19295.0,,
1003069,Noonan,P00183342,F,18-25,24,0,Haryana,Northern,Govt,Food,1,19293.0,,
1002359,Sauptik,P00178642,M,55+,71,0,Karnataka,Southern,Healthcare,Food,4,19293.0,,
1002264,Nguyen,P00182242,M,46-50,49,0,Uttar Pradesh,Central,Aviation,Food,1,19293.0,,
1004826,Kampe,P00262242,F,46-50,46,0,Gujarat,Western,Aviation,Food,2,19292.0,,
1005017,Tanvi,P00102642,F,36-45,37,0,Karnataka,Southern,Healthcare,Food,1,19292.0,,
1004908,Redmond,P00015542,F,36-45,42,1,Karnataka,Southern,Automobile,Food,3,19291.0,,
1005859,Olvera,P00110542,F,26-35,32,0,Haryana,Northern,Govt,Food,3,19289.0,,
1003546,Nockton,P00119442,F,26-35,32,1,Gujarat,Western,Aviation,Food,4,19285.0,,
1001941,Gopal,P00148042,M,36-45,26,1,Andhra Pradesh,Southern,IT Sector,Food,1,19284.0,,
1000888,Liz,P00010742,F,0-17,12,0,Maharashtra,Western,IT Sector,Food,2,19284.0,,
1002052,Cynthia,P00250342,M,0-17,15,0,Madhya Pradesh,Central,Retail,Food,1,19283.0,,
1001366,Muhammed,P00235242,F,0-17,15,0,Andhra Pradesh,Southern,Healthcare,Food,3,19282.0,,
1003790,Lela,P00085242,M,26-35,32,0,Uttarakhand,Central,Hospitality,Food,1,19282.0,,
1002619,Emerson,P00058242,F,36-45,40,1,Andhra Pradesh,Southern,Textile,Auto,3,19280.0,,
1002073,Vandana,P00084242,M,18-25,20,0,Himachal Pradesh,Northern,Healthcare,Food,4,19280.0,,
1001699,Bhavna,P00112142,M,26-35,31,0,Himachal Pradesh,Northern,Govt,Food,1,19280.0,,
1005025,Moren,P00293742,F,26-35,35,1,Bihar,Eastern,Chemical,Food,4,19278.0,,
1001329,Linda,P00009342,F,18-25,23,0,Delhi,Central,Retail,Food,2,19273.0,,
1002748,Farhat,P00031842,F,26-35,33,1,Karnataka,Southern,Banking,Food,3,19268.0,,
1003831,K,P00059442,M,18-25,20,0,Uttar Pradesh,Central,IT Sector,Food,1,19268.0,,
1001639,Charika,P00235642,F,26-35,30,0,Delhi,Central,IT Sector,Food,3,19267.0,,
1003716,Praneet,P00293142,F,18-25,22,0,Maharashtra,Western,Govt,Food,3,19263.0,,
1002507,Lakshmi,P00184142,F,26-35,35,0,Uttar Pradesh,Central,IT Sector,Food,3,19261.0,,
1000934,Hagelstein,P00127042,M,36-45,38,0,Karnataka,Southern,Agriculture,Food,1,19259.0,,
1003589,Atkinson,P00315442,M,46-50,49,0,Madhya Pradesh,Central,Govt,Food,1,19259.0,,
1002271,Redmond,P00350342,M,51-55,52,0,Delhi,Central,Retail,Food,3,19258.0,,
1005593,Paul,P00004742,F,51-55,53,1,Andhra Pradesh,Southern,Banking,Food,3,19255.0,,
1003013,Hirasaki,P00186242,F,46-50,49,0,Maharashtra,Western,Media,Food,1,19255.0,,
1003312,Corey-Lock,P00118442,M,18-25,19,0,Uttar Pradesh,Central,Banking,Food,1,19254.0,,
1002707,Buch,P00351142,F,55+,81,1,Haryana,Northern,Media,Food,2,19253.0,,
1000687,Neola,P00209842,M,26-35,32,0,Himachal Pradesh,Northern,Aviation,Food,3,19252.0,,
1003845,Kriz,P00243942,F,26-35,28,1,Maharashtra,Western,Textile,Food,1,19251.0,,
1003526,Kartikay,P00273742,F,36-45,39,1,Maharashtra,Western,IT Sector,Food,1,19251.0,,
1002631,Joe,P00202742,M,51-55,53,1,Maharashtra,Western,Banking,Food,2,19251.0,,
1001335,Kushal,P00102542,F,36-45,37,0,Andhra Pradesh,Southern,Construction,Food,4,19250.0,,
1003365,Nandita,P00111042,F,51-55,55,0,Gujarat,Western,Aviation,Food,2,19249.0,,
1005689,Dorothy,P00046142,F,26-35,29,0,Gujarat,Western,Healthcare,Food,2,19247.0,,
1003519,Catlett,P00006442,M,26-35,26,0,Uttar Pradesh,Central,IT Sector,Food,2,19245.0,,
1003353,Jenkins,P00289942,F,36-45,38,0,Delhi,Central,Healthcare,Food,2,19243.0,,
1004017,Emily,P00294142,F,26-35,34,0,Andhra Pradesh,Southern,Construction,Auto,4,19241.0,,
1005826,Srishti,P00058042,F,18-25,21,0,Madhya Pradesh,Central,Aviation,Food,2,19241.0,,
1003301,Herbert,P00074342,M,26-35,33,0,Maharashtra,Western,Banking,Food,1,19238.0,,
1000722,Karen,P00306242,F,26-35,34,0,Gujarat,Western,IT Sector,Food,4,19237.0,,
1001680,Vasudev,P00036042,M,26-35,26,0,Gujarat,Western,Healthcare,Food,1,19235.0,,
1000301,Brown,P00182542,F,18-25,21,0,Uttar Pradesh,Central,Healthcare,Food,2,19235.0,,
1000956,Aayushi,P00273442,F,36-45,43,0,Haryana,Northern,Healthcare,Food,4,19232.0,,
1000722,Karen,P00210042,F,26-35,32,0,Haryana,Northern,Media,Food,4,19230.0,,
1006009,Aditya,P00266942,M,26-35,28,1,Kerala,Southern,Hospitality,Food,3,19229.0,,
1006009,Aditya,P00266942,M,26-35,28,1,Rajasthan,Northern,Hospitality,Food,3,19229.0,,
1001425,Sudevi,P00244042,M,0-17,17,0,Kerala,Southern,Healthcare,Food,2,19228.0,,
1000131,Megha,P00275642,F,18-25,22,0,Maharashtra,Western,Healthcare,Food,2,19221.0,,
1005367,Barton,P0095242,F,18-25,21,0,Uttar Pradesh,Central,Govt,Food,2,19221.0,,
1005517,Priyanka,P00246942,F,55+,66,1,Uttar Pradesh,Central,Automobile,Food,1,19220.0,,
1001926,Barton,P00080342,M,0-17,17,1,Maharashtra,Western,Food Processing,Food,1,19216.0,,
1001845,Ralph,P00153742,F,26-35,35,1,Maharashtra,Western,Aviation,Food,3,19216.0,,
1000957,Goldenen,P00306042,F,36-45,43,0,Uttar Pradesh,Central,Chemical,Food,1,19215.0,,
1000761,Cousins,P00293242,F,18-25,23,1,Madhya Pradesh,Central,Banking,Food,4,19214.0,,
1001680,Vasudev,P00116142,M,26-35,26,0,Uttar Pradesh,Central,Aviation,Food,2,19214.0,,
1005178,Edelman,P00214142,F,51-55,53,1,Uttar Pradesh,Central,Aviation,Food,1,19213.0,,
1005139,Logan,P00103042,F,51-55,52,0,Gujarat,Western,IT Sector,Food,2,19211.0,,
1001496,Haushalter,P00145742,F,26-35,32,1,Uttar Pradesh,Central,Hospitality,Food,1,19211.0,,
1003625,Harsh,P00229742,F,18-25,21,1,Uttar Pradesh,Central,Healthcare,Food,3,19210.0,,
1002119,Pooja,P00059442,F,36-45,37,0,Uttar Pradesh,Central,Media,Food,4,19209.0,,
1003894,Brooks,P00120442,F,36-45,38,0,Haryana,Northern,Healthcare,Food,1,19208.0,,
1001903,Martin,P00057542,F,36-45,44,0,Karnataka,Southern,Retail,Food,3,19204.0,,
1005722,Shourya,P00086142,F,26-35,33,1,Uttar Pradesh,Central,Media,Food,4,19204.0,,
1000963,Monu,P00262242,F,26-35,31,1,Uttar Pradesh,Central,Aviation,Food,1,19203.0,,
1003391,Rose,P00053042,F,18-25,24,0,Maharashtra,Western,Aviation,Food,4,19202.0,,
1000796,Martinez,P00317442,F,51-55,51,0,Maharashtra,Western,IT Sector,Food,4,19198.0,,
1003984,McCrossin,P00289242,F,26-35,34,0,Bihar,Eastern,Chemical,Food,1,19195.0,,
1000097,Lisha,P00362542,M,36-45,43,1,Andhra Pradesh,Southern,Govt,Food,3,19193.0,,
1001733,Gonzalez,P00117442,F,18-25,20,1,Uttar Pradesh,Central,Lawyer,Food,2,19187.0,,
1003891,Tate,P00131542,M,55+,64,1,Kerala,Southern,Govt,Food,3,19186.0,,
1001211,Meghana,P00057642,F,18-25,21,0,Maharashtra,Western,Chemical,Food,2,19183.0,,
1002966,Jesslyn,P00317842,M,26-35,27,0,Andhra Pradesh,Southern,Aviation,Food,2,19182.0,,
1001916,Flashing,P00135742,F,46-50,47,0,Haryana,Northern,Lawyer,Food,3,19179.0,,
1004916,Jeremy,P00265242,F,18-25,20,1,Haryana,Northern,Food Processing,Food,4,19175.0,,
1001912,Hazel,P00165142,F,26-35,32,0,Uttar Pradesh,Central,Automobile,Food,4,19175.0,,
1004227,William,P00276142,F,26-35,31,1,Bihar,Eastern,Banking,Food,2,19171.0,,
1001088,Phan,P00368242,M,0-17,13,0,Himachal Pradesh,Northern,Construction,Food,3,19169.0,,
1000264,Parna,P00125942,F,36-45,45,0,Uttar Pradesh,Central,Aviation,Food,2,19166.0,,
1002233,Vicky,P00283942,M,36-45,36,0,Uttar Pradesh,Central,Healthcare,Food,1,19164.0,,
1002124,Linda,P00014542,F,26-35,34,0,Maharashtra,Western,Chemical,Food,3,19163.0,,
1004447,Ajay,P00020342,F,46-50,49,0,Karnataka,Southern,Agriculture,Food,4,19160.0,,
1004058,Shaily,P0097142,F,26-35,35,0,Uttar Pradesh,Central,Retail,Food,4,19159.0,,
1003138,Jasper,P00146742,F,36-45,36,1,Andhra Pradesh,Southern,Govt,Food,3,19155.0,,
1001759,Martinez,P00324942,F,26-35,28,1,Haryana,Northern,Banking,Food,3,19155.0,,
1005511,Cox,P00344042,F,46-50,50,1,Gujarat,Western,Chemical,Food,3,19147.0,,
1000026,Arntzen,P00144242,F,26-35,32,0,Madhya Pradesh,Central,Aviation,Food,4,19145.0,,
1003378,Chikku,P00053942,F,18-25,23,1,Bihar,Eastern,Govt,Food,1,19143.0,,
1002909,Debra,P00057942,F,26-35,30,0,Uttar Pradesh,Central,Construction,Food,2,19141.0,,
1004964,Ameesha,P00119842,F,36-45,41,0,Uttar Pradesh,Central,Banking,Food,1,19141.0,,
1005220,Amlan,P00191742,F,26-35,31,0,Madhya Pradesh,Central,Healthcare,Food,1,19139.0,,
1004537,Blanton,P00126042,M,46-50,49,1,Madhya Pradesh,Central,Aviation,Food,1,19138.0,,
1000388,Trevino,P00152742,M,26-35,28,1,Punjab,Northern,Food Processing,Auto,4,19137.0,,
1001288,Ballard,P00091142,M,36-45,38,1,Delhi,Central,IT Sector,Food,2,19136.0,,
1005366,Cathy,P00003642,F,18-25,25,0,Maharashtra,Western,Healthcare,Food,2,19135.0,,
1001935,Logan,P00332842,F,0-17,13,0,Bihar,Eastern,Retail,Food,4,19133.0,,
1001575,Hastings,P00112142,M,51-55,52,0,Bihar,Eastern,Automobile,Food,3,19131.0,,
1004607,Turumella,P00043542,F,26-35,35,0,Haryana,Northern,Healthcare,Food,4,19130.0,,
1004948,Jenkins,P00174442,F,46-50,47,0,Madhya Pradesh,Central,Govt,Food,1,19129.0,,
1001266,Emily,P00036342,F,26-35,29,0,Gujarat,Western,Aviation,Food,1,19126.0,,
1003371,Elpida,P00059442,F,26-35,30,0,Gujarat,Western,Healthcare,Food,4,19126.0,,
1003658,John,P00216942,M,26-35,30,0,Gujarat,Western,Healthcare,Food,2,19125.0,,
1003833,Dashyam,P00214342,F,26-35,29,0,Uttar Pradesh,Central,Healthcare,Food,1,19122.0,,
1001015,Bharat,P00336742,F,36-45,41,0,Uttar Pradesh,Central,IT Sector,Food,3,19122.0,,
1002630,Roland,P00275142,M,18-25,20,0,Himachal Pradesh,Northern,IT Sector,Food,1,19119.0,,
1005605,Bühler,P00053842,M,18-25,23,1,Madhya Pradesh,Central,IT Sector,Food,1,19119.0,,
1000613,Vikash,P00054242,F,36-45,45,1,Uttar Pradesh,Central,Media,Food,2,19119.0,,
1000802,Marley,P00149342,F,26-35,26,0,Andhra Pradesh,Southern,Healthcare,Food,1,19116.0,,
1004114,Pratiksha,P00113542,F,36-45,44,0,Delhi,Central,Food Processing,Food,3,19116.0,,
1004271,Marley,P00115642,F,36-45,38,1,Haryana,Northern,Aviation,Food,3,19115.0,,
1004093,Jamie,P00226242,F,26-35,35,0,Karnataka,Southern,Hospitality,Food,1,19115.0,,
1002340,James,P00111542,F,36-45,40,0,Maharashtra,Western,Healthcare,Food,3,19114.0,,
1002747,Collister,P00118742,M,18-25,25,1,Uttar Pradesh,Central,Banking,Food,2,19113.0,,
1005256,Grant,P00267142,F,26-35,28,1,Madhya Pradesh,Central,Govt,Food,3,19112.0,,
1002734,Federle,P00053842,M,18-25,24,1,Karnataka,Southern,IT Sector,Food,4,19111.0,,
1003864,Blanton,P00176742,F,51-55,51,0,Maharashtra,Western,IT Sector,Food,2,19110.0,,
1000368,Olsen,P00213042,M,26-35,28,1,Uttar Pradesh,Central,Media,Food,4,19110.0,,
1003733,Darley,P00085042,F,18-25,18,1,Uttar Pradesh,Central,IT Sector,Food,3,19109.0,,
1002533,Nidhi,P00346442,M,26-35,30,1,Uttar Pradesh,Central,Food Processing,Food,4,19108.0,,
1001069,Krutika,P00290242,F,26-35,28,0,Uttar Pradesh,Central,IT Sector,Food,2,19106.0,,
1000013,Thornton,P00295942,F,46-50,50,1,Gujarat,Western,IT Sector,Food,3,19105.0,,
1004447,Ajay,P00243942,F,46-50,50,0,Karnataka,Southern,Construction,Food,4,19101.0,,
1001676,Kirti,P00003942,F,18-25,19,1,Bihar,Eastern,Aviation,Food,2,19099.0,,
1000757,Karandeep,P00142142,F,26-35,30,0,Delhi,Central,Healthcare,Food,2,19096.0,,
1003051,Moren,P00069042,F,18-25,23,0,Maharashtra,Western,Media,Food,2,19096.0,,
1004171,Brian,P00129642,F,55+,73,1,Gujarat,Western,Banking,Food,2,19095.0,,
1005747,Gardner,P00003642,F,26-35,31,1,Madhya Pradesh,Central,Automobile,Food,4,19093.0,,
1000658,Williams,P00161942,M,26-35,27,1,Karnataka,Southern,Banking,Food,2,19092.0,,
1001199,Bhawna,P00351342,F,51-55,51,0,Karnataka,Southern,Healthcare,Food,1,19092.0,,
1003621,Navdeep,P00355942,F,18-25,23,1,Maharashtra,Western,Automobile,Food,2,19090.0,,
1001531,Bell-,P00057642,F,46-50,46,1,Maharashtra,Western,Lawyer,Food,2,19089.0,,
1004381,Sandeep,P00279442,F,26-35,31,0,Uttar Pradesh,Central,Healthcare,Food,4,19088.0,,
1004381,Sandeep,P00305042,F,26-35,28,0,Maharashtra,Western,Healthcare,Food,4,19085.0,,
1003147,Sheetal,P00035842,F,26-35,33,0,Delhi,Central,Aviation,Food,3,19084.0,,
1005084,Harton,P00156542,F,18-25,20,1,Maharashtra,Western,Hospitality,Food,3,19081.0,,
1004406,Jenna,P00151742,F,26-35,33,1,Maharashtra,Western,Healthcare,Food,4,19081.0,,
1001029,Parakh,P00245242,F,26-35,34,0,Uttar Pradesh,Central,Healthcare,Food,1,19076.0,,
1005937,Ashwin,P00282642,F,26-35,35,0,Delhi,Central,Aviation,Food,3,19073.0,,
1004352,Herman,P00032142,F,18-25,24,0,Madhya Pradesh,Central,Aviation,Food,4,19073.0,,
1004227,William,P00335142,F,26-35,27,0,Kerala,Southern,Retail,Food,1,19072.0,,
1001716,Magee,P00365042,F,26-35,26,0,Maharashtra,Western,Aviation,Food,2,19072.0,,
1003408,Pamela,P00182642,F,26-35,35,0,Haryana,Northern,Food Processing,Food,2,19070.0,,
1004467,Gardner,P00149642,M,51-55,55,0,Delhi,Central,IT Sector,Food,3,19069.0,,
1004215,Lycoris,P00028042,F,26-35,30,0,Uttar Pradesh,Central,Healthcare,Food,4,19069.0,,
1000338,Nunn,P00313842,F,36-45,44,0,Delhi,Central,Banking,Food,4,19067.0,,
1004913,Seite,P00053642,M,26-35,29,0,Himachal Pradesh,Northern,Banking,Food,3,19067.0,,
1001242,Lucas,P00030642,M,36-45,40,0,Madhya Pradesh,Central,Textile,Food,2,19067.0,,
1000659,Alan,P00254142,M,26-35,26,0,Uttarakhand,Central,Hospitality,Food,1,19067.0,,
1004879,Saurabh,P00155442,F,26-35,30,0,Uttar Pradesh,Central,Healthcare,Food,1,19065.0,,
1001530,Haberlin,P00111142,F,26-35,29,0,Andhra Pradesh,Southern,Healthcare,Food,3,19064.0,,
1004085,Frazer,P00205242,M,26-35,30,0,Delhi,Central,Healthcare,Food,2,19059.0,,
1004001,Delfina,P00014642,M,26-35,33,0,Jharkhand,Eastern,Automobile,Auto,2,19059.0,,
1004809,Franz,P00349242,M,51-55,53,1,Andhra Pradesh,Southern,Agriculture,Food,4,19056.0,,
1001780,Sabah,P00285842,F,36-45,39,1,Karnataka,Southern,IT Sector,Food,2,19054.0,,
1001078,Shreya,P00002542,M,46-50,49,1,Madhya Pradesh,Central,Lawyer,Food,4,19054.0,,
1003723,Bhishm,P00249142,F,26-35,29,0,Uttar Pradesh,Central,Aviation,Food,1,19054.0,,
1004867,Chandni,P00303042,F,26-35,33,1,Haryana,Northern,Banking,Food,4,19053.0,,
1002611,Rachna,P00046242,F,26-35,31,0,Maharashtra,Western,Aviation,Food,1,19052.0,,
1003796,Deanra,P00302142,F,46-50,47,0,Madhya Pradesh,Central,IT Sector,Food,2,19051.0,,
1000473,Saloni,P00363742,M,18-25,22,1,Maharashtra,Western,Govt,Auto,2,19050.0,,
1002934,Brumley,P00003442,M,36-45,40,0,Delhi,Central,Govt,Food,4,19049.0,,
1001647,Norvell,P00217742,F,18-25,23,1,Jharkhand,Eastern,Govt,Food,3,19048.0,,
1005404,Rohan,P00153842,F,26-35,28,1,Karnataka,Southern,Healthcare,Food,4,19048.0,,
1002996,Bathina,P00367242,F,18-25,23,0,Uttar Pradesh,Central,Automobile,Food,1,19048.0,,
1001306,Airdo,P00364842,F,26-35,35,0,Delhi,Central,IT Sector,Food,4,19046.0,,
1005147,Epp,P00150942,F,18-25,24,0,Andhra Pradesh,Southern,Banking,Auto,4,19045.0,,
1004021,Aishwarya,P00189242,F,51-55,51,1,Maharashtra,Western,Agriculture,Food,2,19045.0,,
1000552,Klamczynski,P00155442,F,51-55,54,0,Maharashtra,Western,IT Sector,Food,1,19045.0,,
1005580,Bradley,P00311542,F,46-50,47,0,Uttar Pradesh,Central,Govt,Food,3,19045.0,,
1002967,Hwang,P00111142,F,26-35,28,0,Karnataka,Southern,IT Sector,Food,3,19044.0,,
1005471,Zettner,P00295942,F,18-25,22,1,Andhra Pradesh,Southern,Media,Food,2,19041.0,,
1000869,Crebassa,P00006242,F,18-25,18,0,Andhra Pradesh,Southern,Aviation,Auto,1,19039.0,,
1005282,Hood,P00116642,M,18-25,20,0,Madhya Pradesh,Central,Food Processing,Auto,4,19038.0,,
1002777,Overfelt,P00283942,F,18-25,21,1,Andhra Pradesh,Southern,Chemical,Food,4,19037.0,,
1000676,Blacks,P00362442,F,18-25,19,0,Maharashtra,Western,Govt,Food,2,19036.0,,
1004174,Jarboe,P00086242,M,36-45,45,1,Andhra Pradesh,Southern,Media,Food,2,19034.0,,
1003882,Inderpreet,P00161942,F,55+,84,0,Andhra Pradesh,Southern,IT Sector,Food,3,19034.0,,
1003697,Toch,P00173242,F,26-35,28,1,Karnataka,Southern,Aviation,Food,2,19034.0,,
1006006,Triggs,P00129542,F,0-17,14,1,Maharashtra,Western,Aviation,Food,1,19033.0,,
1004748,Yohann,P00366542,F,46-50,47,1,Maharashtra,Western,Automobile,Food,1,19032.0,,
1003538,Shivani,P00159542,F,36-45,45,0,Uttar Pradesh,Central,Healthcare,Food,2,19031.0,,
1003336,Vipul,P00211142,F,36-45,43,0,Haryana,Northern,Aviation,Food,1,19030.0,,
1004606,Mitali,P00250242,M,0-17,16,0,Uttar Pradesh,Central,Healthcare,Food,4,19029.0,,
1005597,Brittain,P00031942,M,18-25,19,0,Delhi,Central,Banking,Food,2,19027.0,,
1002868,Caroline,P00358742,F,36-45,41,1,Kerala,Southern,Govt,Food,3,19024.0,,
1002507,Lakshmi,P00113942,F,26-35,35,1,Uttar Pradesh,Central,Aviation,Food,4,19024.0,,
1000169,Etezadi,P00083842,F,26-35,28,1,Uttar Pradesh,Central,Healthcare,Food,3,19023.0,,
1000956,Aayushi,P00303742,M,36-45,40,0,Andhra Pradesh,Southern,Banking,Auto,2,19022.0,,
1002063,Shreyshi,P00239142,F,26-35,31,1,Himachal Pradesh,Northern,IT Sector,Food,4,19021.0,,
1001636,Smayling,P00216342,M,26-35,28,1,Himachal Pradesh,Northern,Healthcare,Food,1,19020.0,,
1005035,Tate,P00286742,M,26-35,31,0,Himachal Pradesh,Northern,Govt,Food,2,19019.0,,
1003705,Paridhi,P00117342,F,46-50,50,1,Uttar Pradesh,Central,IT Sector,Food,1,19015.0,,
1005021,Patel,P00187442,F,51-55,52,0,Karnataka,Southern,Food Processing,Food,3,19014.0,,
1001255,Baird,P00294842,F,26-35,34,1,Maharashtra,Western,IT Sector,Food,2,19014.0,,
1000451,Atkinson,P00176342,F,55+,76,0,Maharashtra,Western,Healthcare,Food,3,19014.0,,
1000379,Thais,P00176842,M,36-45,36,0,Uttar Pradesh,Central,Automobile,Food,1,19014.0,,
1001680,Vasudev,P00047742,M,26-35,26,1,Gujarat,Western,Banking,Food,4,19011.0,,
1003320,Sandra,P00249542,F,26-35,35,0,Karnataka,Southern,Healthcare,Food,2,19010.0,,
1005492,Engle,P00156342,F,18-25,23,0,Uttar Pradesh,Central,Healthcare,Food,2,19007.0,,
1003746,Vaibhavi,P00288642,F,26-35,26,1,Uttar Pradesh,Central,Banking,Food,4,19007.0,,
1002980,Catini,P00278642,F,46-50,46,1,Madhya Pradesh,Central,Govt,Food,1,19004.0,,
1003308,Cortes,P00070442,M,18-25,20,0,Andhra Pradesh,Southern,Aviation,Food,2,19002.0,,
1004473,Palak,P00031142,F,36-45,39,0,Rajasthan,Northern,Healthcare,Food,4,19002.0,,
1002730,Meghana,P00226342,F,36-45,39,0,Madhya Pradesh,Central,IT Sector,Food,1,19000.0,,
1000655,Reiten,P00057442,M,26-35,27,1,Kerala,Southern,Aviation,Food,3,18997.0,,
1000934,Hagelstein,P00041942,M,36-45,42,0,Andhra Pradesh,Southern,Govt,Food,3,18996.0,,
1001185,Duhita,P00213742,M,36-45,40,1,Delhi,Central,Retail,Food,2,18996.0,,
1000211,Eno,P00325242,F,46-50,46,0,Andhra Pradesh,Southern,Healthcare,Auto,1,18995.0,,
1005394,Cari,P00101342,F,18-25,21,1,Delhi,Central,Textile,Food,2,18992.0,,
1004744,Pardue,P00110742,F,51-55,52,1,Haryana,Northern,Aviation,Food,1,18989.0,,
1001426,Sandra,P00326742,F,18-25,23,0,Karnataka,Southern,Retail,Food,1,18987.0,,
1004430,Castell,P00194442,M,26-35,32,0,Uttar Pradesh,Central,Banking,Food,4,18985.0,,
1003897,Gayman,P00116342,F,55+,66,0,Maharashtra,Western,Chemical,Food,4,18984.0,,
1004271,Marley,P00120842,F,36-45,39,1,Maharashtra,Western,Aviation,Food,2,18983.0,,
1004781,Soltero,P00293342,M,51-55,53,0,Jharkhand,Eastern,Aviation,Food,1,18980.0,,
1005632,Eileen,P00305142,M,18-25,21,1,Andhra Pradesh,Southern,Chemical,Food,4,18975.0,,
1003063,Candace,P00250242,F,18-25,18,0,Andhra Pradesh,Southern,Media,Food,2,18974.0,,
1000616,Ashbrook,P00113242,F,26-35,33,0,Maharashtra,Western,Agriculture,Food,1,18971.0,,
1001737,Adhvaita,P00180642,F,36-45,38,0,Uttar Pradesh,Central,Healthcare,Food,1,18970.0,,
1004023,Noonan,P00244742,M,36-45,36,0,Karnataka,Southern,Aviation,Food,4,18968.0,,
1002724,Bhaggyasree,P00034842,M,46-50,47,1,Delhi,Central,IT Sector,Food,2,18964.0,,
1004510,Crebagga,P00313642,F,46-50,48,1,Karnataka,Southern,Healthcare,Food,2,18964.0,,
1001436,Lynn,P00255942,M,51-55,53,1,Bihar,Eastern,Lawyer,Food,1,18963.0,,
1002383,Fuller,P00006942,M,26-35,34,0,Madhya Pradesh,Central,Automobile,Food,2,18961.0,,
1005689,Dorothy,P00222842,F,26-35,34,0,Haryana,Northern,Food Processing,Food,2,18960.0,,
1003292,Dipali,P00265242,M,51-55,53,1,Gujarat,Western,Aviation,Food,1,18959.0,,
1001873,Lauren,P00220442,F,36-45,40,1,Maharashtra,Western,Chemical,Food,3,18959.0,,
1004508,Phonely,P00051642,F,26-35,30,1,Uttar Pradesh,Central,Aviation,Food,3,18959.0,,
1002552,McGuire,P00173842,M,26-35,30,1,Delhi,Central,Aviation,Food,3,18957.0,,
1003669,John,P00182642,F,26-35,34,0,Maharashtra,Western,Aviation,Food,3,18956.0,,
1005749,Ken,P00343642,M,26-35,30,1,Karnataka,Southern,Healthcare,Food,3,18953.0,,
1004917,Jumper,P00111142,M,46-50,46,0,Maharashtra,Western,Healthcare,Food,1,18953.0,,
1005780,Meador,P00157942,F,18-25,20,0,Karnataka,Southern,Textile,Food,1,18952.0,,
1000117,Harry,P00031542,F,26-35,29,0,Maharashtra,Western,Chemical,Food,3,18952.0,,
1005099,Moffitt,P00003942,F,18-25,24,1,Andhra Pradesh,Southern,Govt,Auto,4,18891.0,,
1002456,Asish,P00145742,F,26-35,34,1,Andhra Pradesh,Southern,IT Sector,Auto,3,18858.0,,
1003626,Kartik,P00276842,F,26-35,35,1,Uttar Pradesh,Central,Banking,Auto,3,18856.0,,
1001181,Cathy,P00038442,F,36-45,43,1,Andhra Pradesh,Southern,Automobile,Auto,1,18851.0,,
1004089,Reichenbach,P00327842,F,26-35,32,1,Delhi,Central,Banking,Hand & Power Tools,4,18832.0,,
1001837,Hazel,P00093642,F,26-35,29,0,Andhra Pradesh,Southern,Govt,Auto,1,18828.0,,
1004088,Clytie,P00163242,F,26-35,28,1,Andhra Pradesh,Southern,Banking,Auto,2,18801.0,,
1003056,Weimer,P00058142,F,26-35,27,0,Andhra Pradesh,Southern,Hospitality,Auto,4,18798.0,,
1001491,James,P00240142,M,18-25,21,0,Andhra Pradesh,Southern,Media,Hand & Power Tools,4,18789.0,,
1001312,Dianna,P00277642,F,26-35,34,1,Andhra Pradesh,Southern,Hospitality,Auto,1,18782.0,,
1000667,Shourya,P00127642,F,26-35,30,0,Maharashtra,Western,Aviation,Auto,3,18780.0,,
1000121,Elliston,P00110942,F,36-45,38,0,Andhra Pradesh,Southern,Govt,Auto,3,18770.0,,
1004085,Frazer,P00347142,M,26-35,27,0,Kerala,Southern,Healthcare,Auto,3,18688.0,,
1001051,Aastha,P00111042,M,26-35,30,1,Madhya Pradesh,Central,Banking,Auto,2,18685.0,,
1004452,Sorensen,P00173542,M,26-35,30,0,Jharkhand,Eastern,Hospitality,Auto,1,18679.0,,
1005749,Ken,P00114742,M,26-35,31,0,Maharashtra,Western,IT Sector,Hand & Power Tools,3,18665.0,,
1000053,Howell,P00351042,F,26-35,31,1,Andhra Pradesh,Southern,Hospitality,Auto,3,18614.0,,
1003796,Deanra,P00025442,F,46-50,48,0,Andhra Pradesh,Southern,Media,Auto,2,18612.0,,
1003562,Sonal,P00035842,M,26-35,28,0,Bihar,Eastern,Agriculture,Auto,4,18609.0,,
1000187,Chong,P00102442,M,46-50,48,0,Andhra Pradesh,Southern,Govt,Auto,3,18608.0,,
1002747,Collister,P00245642,M,18-25,19,0,Madhya Pradesh,Central,Banking,Hand & Power Tools,3,18592.0,,
1004680,Ballard,P00275642,F,36-45,39,0,Uttar Pradesh,Central,Media,Auto,4,18583.0,,
1003301,Herbert,P00073642,M,26-35,34,0,Uttarakhand,Central,IT Sector,Auto,3,18580.0,,
1001748,Alejandro,P00001142,F,51-55,53,0,Andhra Pradesh,Southern,Healthcare,Auto,3,18573.0,,
1002279,Noah,P00144542,F,51-55,51,1,Andhra Pradesh,Southern,Retail,Auto,4,18568.0,,
1002334,Moumita,P00293342,M,55+,82,0,Maharashtra,Western,Govt,Auto,3,18559.0,,
1001571,Elpida,P00003442,F,26-35,27,0,Andhra Pradesh,Southern,Banking,Auto,4,18536.0,,
1002878,Duane,P00111242,M,51-55,53,0,Uttar Pradesh,Central,Media,Auto,4,18516.0,,
